time,dangjin_floating,dangjin_warehouse,dangjin,ulsan
2021-02-01 01:00:00,52.985826805831536,23.90912355663514,59.84019174973862,11.348434986350158
2021-02-01 02:00:00,54.571091492506675,27.53381652163777,63.02063034423466,10.382296316098868
2021-02-01 03:00:00,50.92392811362712,25.84394578097753,63.09315258815601,10.314077142473298
2021-02-01 04:00:00,50.113321175670535,24.749616692816648,60.93540698078458,9.26837105623801
2021-02-01 05:00:00,50.113321175670535,24.749616692816648,60.93540698078458,7.6555051280167365
2021-02-01 06:00:00,50.113321175670535,24.749616692816648,60.93540698078458,8.185357568375204
2021-02-01 07:00:00,49.82034698248786,23.090850403603493,54.160258147073954,8.25221343642222
2021-02-01 08:00:00,57.63345571713807,29.209296424197007,58.01188729777428,19.39757694460032
2021-02-01 09:00:00,99.10818571416137,60.09202196611133,113.45063199776479,33.23826944280078
2021-02-01 10:00:00,126.47310685722991,76.48014057434817,139.10760518146452,34.113240833518255
2021-02-01 11:00:00,145.65968429429762,75.4729726915565,177.95039409683943,41.105137470475796
2021-02-01 12:00:00,169.5529104285333,83.41079510007708,191.76370160241865,67.7983345736622
2021-02-01 13:00:00,199.98860401531192,126.04235878366107,246.3181163335693,72.5884334096983
2021-02-01 14:00:00,278.0112326096828,211.703232570739,361.3021074292423,111.01946210671328
2021-02-01 15:00:00,290.45651406975463,228.52469271266978,373.3594361700121,115.62359712508616
2021-02-01 16:00:00,278.60248810242666,218.98014964317417,360.6140457988055,104.6900548912202
2021-02-01 17:00:00,169.65548720194604,114.5669194805284,200.65504242098592,57.06298071547294
2021-02-01 18:00:00,71.6550377782692,45.87365643592123,94.7681438962258,24.249616574198996
2021-02-01 19:00:00,60.95110903806172,29.113039131328367,68.1221648644841,8.929959002713192
2021-02-01 20:00:00,57.04415111704733,30.304790535588563,63.776335182223605,8.465591956943195
2021-02-01 21:00:00,57.43938538374279,30.81816141917516,63.86823082465531,8.465591956943195
2021-02-01 22:00:00,60.019264047946976,31.962458175247065,69.74071068533067,8.465591956943195
2021-02-01 23:00:00,60.036311615477544,32.25276342048556,68.88363522424649,10.907116552548208
2021-02-01 24:00:00,60.214422683821724,32.25276342048556,68.99560324094972,11.32776683671567
2021-02-02 01:00:00,73.61727696556203,41.518709114052854,84.79199126455481,22.67234239982776
2021-02-02 02:00:00,73.61727696556203,41.518709114052854,84.79199126455481,24.315467008012305
2021-02-02 03:00:00,73.61727696556203,41.518709114052854,84.79199126455481,23.89183305614673
2021-02-02 04:00:00,73.61727696556203,41.518709114052854,84.79199126455481,20.520919491600495
2021-02-02 05:00:00,73.61727696556203,41.518709114052854,84.79199126455481,15.166406894056099
2021-02-02 06:00:00,73.63307480713567,41.518709114052854,84.79199126455481,15.29834811130725
2021-02-02 07:00:00,73.65044614597464,51.9764405327513,88.5332009838543,16.821891576391096
2021-02-02 08:00:00,73.83216722122471,51.53368006122126,88.63392718440979,23.39948962545329
2021-02-02 09:00:00,95.26256826126973,57.840765441949884,127.6886315629661,63.5410524675115
2021-02-02 10:00:00,218.77360547950684,139.21956368112095,286.45687963269256,177.63021974422043
2021-02-02 11:00:00,406.0053257319853,264.10976990483755,494.1409553664044,268.46535329745154
2021-02-02 12:00:00,519.8213383525914,327.6513164476083,629.1271365091529,324.36971415587954
2021-02-02 13:00:00,521.2354650745634,345.1702082835237,644.4971758881262,326.89414341187296
2021-02-02 14:00:00,474.31985381155783,329.2955574006425,590.7099750703338,325.67908140905354
2021-02-02 15:00:00,425.0258086944439,294.66456152123453,513.5690647351698,284.42655723670725
2021-02-02 16:00:00,275.2607578872731,237.59586842170916,326.21995577687255,209.83109238942416
2021-02-02 17:00:00,143.6867853177399,123.39874668528793,194.0548416878404,98.31526098019683
2021-02-02 18:00:00,70.49601757155808,58.47985963897365,103.26465804104345,33.055256644312536
2021-02-02 19:00:00,60.71052138560994,34.31775079435935,66.67550191749956,19.215566235926044
2021-02-02 20:00:00,56.36775512051274,33.42976121467105,62.19097954648731,16.572323116590248
2021-02-02 21:00:00,56.36775512051274,29.271286841268466,62.44218479647688,16.479832985525814
2021-02-02 22:00:00,57.43938538374279,30.079249582352478,62.933707528891254,16.479832985525814
2021-02-02 23:00:00,56.36775512051274,29.271286841268466,62.44218479647688,14.97866424147911
2021-02-02 24:00:00,56.36775512051274,29.375363777565628,62.95568638705244,12.120053541649574
2021-02-03 01:00:00,72.33687678956635,40.68998958219315,82.57916397254066,12.246380264394777
2021-02-03 02:00:00,72.33687678956635,40.68998958219315,82.57916397254066,12.279588546641753
2021-02-03 03:00:00,72.33687678956635,41.1821530320491,82.78780895218596,13.804477500874954
2021-02-03 04:00:00,72.40035698942737,41.59031548360821,84.47376943686622,12.032696016783708
2021-02-03 05:00:00,73.61727696556203,41.47247051613389,85.24424902352858,14.04442997020432
2021-02-03 06:00:00,73.61727696556203,41.58639334362428,85.24424902352858,12.651482233222263
2021-02-03 07:00:00,73.61727696556203,41.58251538968119,85.24424902352858,13.568380551716952
2021-02-03 08:00:00,73.7989980408121,41.143632872094244,85.24424902352858,21.474233906792502
2021-02-03 09:00:00,94.95845466855447,49.463094822091605,117.84399219481999,61.38018906655219
2021-02-03 10:00:00,177.33090253409026,122.02664384146155,230.38051343091658,177.63021974422043
2021-02-03 11:00:00,285.07329241771697,223.7073919657992,368.7826221188366,269.79968003016415
2021-02-03 12:00:00,328.6819757533874,266.10615548919816,414.2082480816234,326.77435118465314
2021-02-03 13:00:00,339.11180348637697,297.3009779873266,455.6941666146464,326.89414341187296
2021-02-03 14:00:00,338.5626039232477,265.6850796718798,426.2929315817287,321.1893288567501
2021-02-03 15:00:00,336.67140420125725,240.62409910242022,397.8749035044574,278.8969707382816
2021-02-03 16:00:00,269.6682899785199,209.35511013520113,321.9936895159059,206.48318139523738
2021-02-03 17:00:00,136.9716994207976,92.53349061261879,162.6291019153005,90.3619315685493
2021-02-03 18:00:00,69.589423543095,44.84214693269792,91.56200845396336,28.029469182010534
2021-02-03 19:00:00,60.2779752027221,28.52593702803198,62.396453712285016,13.742373961179258
2021-02-03 20:00:00,55.93520893762492,26.81101652795054,62.16109801070948,11.530175118832497
2021-02-03 21:00:00,55.290598819025114,25.941814690786813,64.57120281010985,11.424221791372032
2021-02-03 22:00:00,55.8265208350511,26.788802706834943,70.94796792514235,12.463317174074756
2021-02-03 23:00:00,56.1470210272352,31.40390774844545,75.22807159443083,12.640932100747234
2021-02-03 24:00:00,59.59842268779182,30.350661040108985,75.38104765065209,13.072157049902193
2021-02-04 01:00:00,49.82034698248786,22.489668108197844,53.045564312948386,11.995326623724063
2021-02-04 02:00:00,49.54068038233562,23.843761712122234,54.65210294961913,14.452365168706924
2021-02-04 03:00:00,66.50113838279522,36.564654379585924,70.64533466639011,14.467367678062763
2021-02-04 04:00:00,71.00628435577175,39.66560264137129,71.05758075494117,15.962163705771648
2021-02-04 05:00:00,73.44746237518082,41.5026241275303,78.78433629694511,14.467367678062763
2021-02-04 06:00:00,73.61727696556203,41.69047027992144,85.71149518354191,14.859075089748165
2021-02-04 07:00:00,73.61727696556203,41.68659232597835,85.71149518354191,17.208306303556114
2021-02-04 08:00:00,73.7989980408121,41.24383185444832,85.71149518354191,23.35368187343339
2021-02-04 09:00:00,95.24519692243076,49.5061388727961,118.31123835483336,54.93051158451818
2021-02-04 10:00:00,218.15519162214363,139.09354015572634,281.2789221815616,177.63021974422043
2021-02-04 11:00:00,401.05594162341436,263.4853006891574,488.65504038799105,269.79968003016415
2021-02-04 12:00:00,519.4006140565008,330.14665532432826,626.8614552392677,326.77435118465314
2021-02-04 13:00:00,525.3230882237336,347.6655471602437,642.8039302262184,326.89414341187296
2021-02-04 14:00:00,524.9853552268115,342.9049997409247,626.8392901202034,325.67908140905354
2021-02-04 15:00:00,505.88030232599624,326.8731520763211,604.0655568937668,284.42655723670725
2021-02-04 16:00:00,369.39771298866674,289.86388691817234,479.96338727489007,209.83109238942416
2021-02-04 17:00:00,194.7282662355638,150.98577744864397,278.51585949609114,95.29899210708885
2021-02-04 18:00:00,75.83717465710411,55.263641017896724,107.27930255104283,29.781754675885207
2021-02-04 19:00:00,64.55718894891892,32.51353197092009,70.28726900860427,16.655702729942227
2021-02-04 20:00:00,59.906392851662524,31.15646325718907,68.81407366879886,16.655702729942227
2021-02-04 21:00:00,57.20141158746781,30.480072318173885,66.47096210352096,13.67232464496041
2021-02-04 22:00:00,56.10410297425859,31.026861395907215,62.182211621969095,13.697640104731544
2021-02-04 23:00:00,56.10410297425859,31.026861395907215,62.182211621969095,13.71870515901463
2021-02-04 24:00:00,56.10410297425859,30.28389480374892,62.182211621969095,14.08702840244712
2021-02-05 01:00:00,68.40921508909888,38.56732571435555,73.40610347319303,16.689826938823533
2021-02-05 02:00:00,67.68075545048491,38.56732571435555,75.39149046206263,16.689826938823533
2021-02-05 03:00:00,52.78544501859618,25.146085885906373,60.17086513054945,16.689826938823533
2021-02-05 04:00:00,49.87411836318023,26.07927380565747,57.119051167992346,16.729401445326662
2021-02-05 05:00:00,50.37680675343383,26.07927380565747,57.45544192941307,16.689826938823533
2021-02-05 06:00:00,50.39696344795112,24.92026363129817,55.468915911321304,16.151503736112442
2021-02-05 07:00:00,51.05023065507473,24.92026363129817,55.41701795931192,16.151503736112442
2021-02-05 08:00:00,53.49995641512655,31.29522609469864,57.45544192941307,23.08945218939648
2021-02-05 09:00:00,97.40966625377784,58.272602576866696,115.2640243758762,60.90406621520338
2021-02-05 10:00:00,221.73200159491117,154.68607178888607,267.9337417488026,173.74490491899357
2021-02-05 11:00:00,350.204353338114,251.67405078818766,419.23175842984557,264.88252598607016
2021-02-05 12:00:00,384.0628711270515,251.3632720322569,442.7767667435419,293.316146490471
2021-02-05 13:00:00,325.6435686362167,233.86978362909298,408.2025551100824,247.65310627282915
2021-02-05 14:00:00,325.6435686362167,230.2700649665226,406.25639934673336,245.0538769220423
2021-02-05 15:00:00,318.12538107761884,212.11958525639938,369.06867694429275,193.38701323702935
2021-02-05 16:00:00,247.24358970347348,189.54085332856042,305.1685500187971,139.261274728435
2021-02-05 17:00:00,135.21887998023485,84.29037304095802,148.84480714132135,56.00313065315449
2021-02-05 18:00:00,69.90595425736187,41.20968925682788,86.93982461086227,29.79312031659156
2021-02-05 19:00:00,59.46942745751811,32.26764342363679,75.4634272960064,19.363954034620356
2021-02-05 20:00:00,56.41673310359906,31.40390774844545,75.93470270760783,19.363954034620356
2021-02-05 21:00:00,58.68980086474896,30.350661040108985,75.28860760296654,19.363954034620356
2021-02-05 22:00:00,59.59842268779182,30.104525628121937,75.38104765065209,19.363954034620356
2021-02-05 23:00:00,59.59842268779182,30.104525628121937,75.38104765065209,16.653908143297823
2021-02-05 24:00:00,59.59842268779182,30.104525628121937,75.38104765065209,16.955689256550297
2021-02-06 01:00:00,50.113321175670535,24.24905379040949,55.88573506265215,20.932762594698488
2021-02-06 02:00:00,51.05023065507473,24.9398389018806,56.392964251037476,16.933488705041842
2021-02-06 03:00:00,51.05023065507473,25.053761729371008,56.392964251037476,16.71576790091457
2021-02-06 04:00:00,51.05023065507473,25.04988377542788,56.392964251037476,14.49848338032232
2021-02-06 05:00:00,51.05023065507473,25.04988377542788,56.392964251037476,14.216091430263672
2021-02-06 06:00:00,51.05023065507473,25.04988377542788,56.392964251037476,14.697749074013137
2021-02-06 07:00:00,51.05023065507473,25.04988377542788,56.392964251037476,14.253472290836193
2021-02-06 08:00:00,55.26650934324319,30.4699594787982,59.038900294359316,22.399238241325424
2021-02-06 09:00:00,111.38966405927955,82.12042570822466,134.20572754277356,56.67842624831176
2021-02-06 10:00:00,242.7150356202273,162.0648319163728,278.5288587987049,150.2648971959746
2021-02-06 11:00:00,360.6012279131324,254.25053612059986,438.9935241494089,226.39073375159634
2021-02-06 12:00:00,449.83457276321644,304.2047917524801,543.1816102713648,291.2727571728287
2021-02-06 13:00:00,463.5122981442985,308.99172446810024,554.9850634454288,308.3034649454777
2021-02-06 14:00:00,477.719881451825,313.0716259986321,588.402317648182,312.24437228640136
2021-02-06 15:00:00,474.0212447386216,306.94149146806814,587.9972151314001,276.56107256158566
2021-02-06 16:00:00,375.4703625259922,271.1186320019143,507.85290162502,212.37519957035488
2021-02-06 17:00:00,203.4495562769648,137.5567887373373,279.372964876961,104.8198144279415
2021-02-06 18:00:00,70.9401764246594,49.66634637028776,93.76146634169028,33.44976564916905
2021-02-06 19:00:00,60.357105866698156,34.35521379120722,75.69433248923629,15.007271326191342
2021-02-06 20:00:00,59.204310328869234,32.34776235339342,74.52546815556492,14.995993418454594
2021-02-06 21:00:00,60.092319447771395,32.48822946449643,74.51524329044132,13.425034921792825
2021-02-06 22:00:00,59.79934525458873,32.07033899822773,73.40594552147276,12.153274568053526
2021-02-06 23:00:00,59.79934525458873,31.99608703691375,72.81527704596687,11.66230977261648
2021-02-06 24:00:00,59.95119172369183,35.50595754678761,82.85470040389767,11.789809526840415
2021-02-07 01:00:00,50.757256461892055,24.061121447670764,54.60832188970607,16.169420125617957
2021-02-07 02:00:00,50.757256461892055,24.061121447670764,54.60832188970607,16.070367333427743
2021-02-07 03:00:00,50.757256461892055,24.061121447670764,54.60832188970607,14.59651828944038
2021-02-07 04:00:00,50.757256461892055,24.165198383967926,55.207702006511596,14.848209115990048
2021-02-07 05:00:00,51.05023065507473,25.15396071172504,56.539894584822406,14.209472411304155
2021-02-07 06:00:00,51.05023065507473,25.15396071172504,56.539894584822406,14.093810763598281
2021-02-07 07:00:00,51.05023065507473,25.15396071172504,56.01639807611745,14.210749471493607
2021-02-07 08:00:00,52.997268024872945,31.528923175125545,57.71843128479787,27.3336193783819
2021-02-07 09:00:00,94.07608594391098,51.85806623929161,111.6230103930556,52.101123561378195
2021-02-07 10:00:00,225.63573937431306,146.5729319141574,264.95241345953735,161.471347607256
2021-02-07 11:00:00,391.6602195762908,270.0562261679465,469.5259510054171,229.43784978477882
2021-02-07 12:00:00,490.71989355387177,327.4867825553075,599.8352785123609,297.20898785071466
2021-02-07 13:00:00,519.9591634173581,344.78785562475207,634.9877408442749,315.05820082001355
2021-02-07 14:00:00,524.2420083194942,345.2863013150376,638.5980054997056,314.6215336133748
2021-02-07 15:00:00,509.80270562091675,345.1871082035945,629.6957981766436,282.33007822584506
2021-02-07 16:00:00,378.53959613716773,302.3430096150457,504.77552463756336,216.276618488708
2021-02-07 17:00:00,195.51991706041133,167.36470467478247,287.96252774718965,108.21823096215022
2021-02-07 18:00:00,76.18263622669113,60.95054480985119,113.37599030080072,36.17776423884796
2021-02-07 19:00:00,64.90265051850594,41.53523415288789,78.62548577152899,16.444190821253034
2021-02-07 20:00:00,60.250071930932464,40.49512972873619,76.60884655186891,16.479832985525814
2021-02-07 21:00:00,60.250071930932464,40.49512972873619,76.60884655186891,16.572323116590248
2021-02-07 22:00:00,60.214422683821724,35.70859805502199,74.98876500241317,19.215566235926044
2021-02-07 23:00:00,60.214422683821724,35.70859805502199,74.98876500241317,16.630958726202362
2021-02-07 24:00:00,60.214422683821724,35.70859805502199,74.98876500241317,16.64760715694749
2021-02-08 01:00:00,73.65044614597464,52.10246405814595,95.08888839167435,21.552777318089078
2021-02-08 02:00:00,73.65044614597464,52.10246405814595,95.08888839167435,20.661525537235207
2021-02-08 03:00:00,73.65044614597464,52.10246405814595,95.08888839167435,19.629667710746624
2021-02-08 04:00:00,73.65044614597464,52.10246405814595,95.08888839167435,19.629667710746624
2021-02-08 05:00:00,73.65044614597464,52.10246405814595,95.31502484315193,15.733284963311297
2021-02-08 06:00:00,73.65044614597464,52.10246405814595,95.31502484315193,15.733284963311297
2021-02-08 07:00:00,73.65044614597464,52.10246405814595,95.31502484315193,15.166406894056099
2021-02-08 08:00:00,73.83216722122471,51.65970358661591,95.31502484315193,22.343927637392035
2021-02-08 09:00:00,95.26256826126973,57.966788967344534,127.91476801444364,55.778326958654525
2021-02-08 10:00:00,219.60350085983129,139.21956368112095,286.730794099279,178.2225869426876
2021-02-08 11:00:00,412.86969785572455,266.97512198833283,504.21358800398366,274.08338651532534
2021-02-08 12:00:00,526.797068650464,341.435578567826,646.9169554115653,326.77435118465314
2021-02-08 13:00:00,526.797068650464,348.0837924535447,655.2559701977405,326.89414341187296
2021-02-08 14:00:00,526.797068650464,348.0837924535447,655.2559701977405,325.5909452951477
2021-02-08 15:00:00,509.80270562091675,337.00396676665565,638.0282249784809,284.33842112280144
2021-02-08 16:00:00,379.0305736202777,301.08733117044994,506.89722168493347,209.7429562755183
2021-02-08 17:00:00,201.12876084197455,167.36470467478247,289.2673993772188,98.31526098019683
2021-02-08 18:00:00,76.18263622669113,60.95054480985119,113.37599030080072,33.80373674634469
2021-02-08 19:00:00,64.90265051850594,41.53523415288789,78.62548577152899,19.215566235926044
2021-02-08 20:00:00,60.250071930932464,40.49512972873619,76.60884655186891,19.680897872605513
2021-02-08 21:00:00,60.250071930932464,40.49512972873619,76.60884655186891,20.42937797463758
2021-02-08 22:00:00,60.214422683821724,35.70859805502199,74.98876500241317,20.42937797463758
2021-02-08 23:00:00,60.214422683821724,35.70859805502199,74.98876500241317,17.82570936180491
2021-02-08 24:00:00,60.214422683821724,35.70859805502199,74.98876500241317,17.733219230740477
2021-02-09 01:00:00,73.65044614597464,52.10246405814595,95.08888839167435,16.729401445326662
2021-02-09 02:00:00,73.65044614597464,51.9764405327513,95.08888839167435,16.729401445326662
2021-02-09 03:00:00,73.65044614597464,51.9764405327513,88.63392718440979,16.729401445326662
2021-02-09 04:00:00,73.65044614597464,51.9764405327513,88.5332009838543,16.729401445326662
2021-02-09 05:00:00,73.65044614597464,51.9764405327513,88.5332009838543,16.729401445326662
2021-02-09 06:00:00,73.65044614597464,51.9764405327513,88.5332009838543,16.729401445326662
2021-02-09 07:00:00,73.65044614597464,51.89974547771406,88.5332009838543,16.729401445326662
2021-02-09 08:00:00,73.83216722122471,51.45698500618403,88.63392718440979,23.346418034592848
2021-02-09 09:00:00,95.26256826126973,56.81499453000041,127.6886315629661,63.59412405837193
2021-02-09 10:00:00,218.44055866177382,136.07718302266704,286.13485044148103,178.2225869426876
2021-02-09 11:00:00,408.478003162574,258.9969018585721,489.60895015754227,274.08338651532534
2021-02-09 12:00:00,524.3839994970332,331.3055278998596,622.6719063257415,326.77435118465314
2021-02-09 13:00:00,523.5553103830149,328.71071421043,633.1201360818693,326.89414341187296
2021-02-09 14:00:00,524.431651948477,333.90617180637815,631.0615995647404,325.67908140905354
2021-02-09 15:00:00,505.61220662248076,313.00026190647714,608.4107124020726,284.42655723670725
2021-02-09 16:00:00,368.177769743945,278.6705496779318,484.7307560728054,209.83109238942416
2021-02-09 17:00:00,194.69033016251288,146.31064642450204,270.2091525258967,96.1624227160216
2021-02-09 18:00:00,73.28317650921039,50.86307608999101,92.69489228170782,29.90743265957682
2021-02-09 19:00:00,60.151847980111675,30.420370546694496,65.02798954473752,16.655702729942227
2021-02-09 20:00:00,55.10638318051789,29.380266122542768,63.140400029071536,16.6046207947536
2021-02-09 21:00:00,55.642305196543845,30.07071304775764,74.50172138534461,13.570140350507609
2021-02-09 22:00:00,55.94575782119741,36.12517683443465,80.32369487570185,12.843670481291651
2021-02-09 23:00:00,55.94575782119741,36.12517683443465,80.32369487570185,12.935528071242803
2021-02-09 24:00:00,55.94575782119741,36.12517683443465,80.32369487570185,12.935528071242803
2021-02-10 01:00:00,49.87411836318023,26.07927380565747,57.119051167992346,13.564929129631846
2021-02-10 02:00:00,50.37680675343383,26.07927380565747,57.45544192941307,13.60417835835237
2021-02-10 03:00:00,50.39696344795112,24.92026363129817,55.468915911321304,15.570985148943036
2021-02-10 04:00:00,51.05023065507473,24.92026363129817,55.41701795931192,15.962163705771648
2021-02-10 05:00:00,51.05023065507473,24.92026363129817,55.41701795931192,15.922589199268527
2021-02-10 06:00:00,51.05023065507473,24.92026363129817,55.41701795931192,16.347710194122737
2021-02-10 07:00:00,51.05023065507473,24.92026363129817,55.41701795931192,18.323381283124732
2021-02-10 08:00:00,54.04875630585751,29.944971144212314,56.66544350808186,24.495775673274178
2021-02-10 09:00:00,109.92610250633342,64.62643104060201,128.51137468445586,59.74944500010745
2021-02-10 10:00:00,185.77221774186455,115.31461020484035,210.39044733484337,167.6709435367861
2021-02-10 11:00:00,274.62276111414843,189.0977150678604,322.5521303287432,263.88136663637596
2021-02-10 12:00:00,322.21634650192965,243.6267591214137,391.36235285267946,305.8148221274813
2021-02-10 13:00:00,352.50040804456864,265.3015714789425,450.5323178315407,311.83709420673534
2021-02-10 14:00:00,344.93261727438284,257.65793348888934,448.25941840433404,313.1468695105715
2021-02-10 15:00:00,328.5339770466865,231.8614600118089,402.5427528419262,282.13464982158564
2021-02-10 16:00:00,266.30888421333646,197.17020380119544,353.6544524275633,218.66260810803158
2021-02-10 17:00:00,159.48899769778112,127.32382418800432,222.23798838938475,89.23857259661796
2021-02-10 18:00:00,72.47031519400718,49.253922313307406,91.58110426122613,25.37433655627623
2021-02-10 19:00:00,59.77687948852387,37.951664387471055,81.10510661397645,12.980261927690517
2021-02-10 20:00:00,59.335544093831636,35.81993297406991,79.11506597306851,14.265833650735752
2021-02-10 21:00:00,60.24416591687449,35.87093586008348,79.20750602075407,14.835037715519693
2021-02-10 22:00:00,59.95119172369183,35.453045393814726,78.07014128037912,14.951259562006879
2021-02-10 23:00:00,59.95119172369183,35.245841585420784,78.07014128037912,14.91840132352926
2021-02-10 24:00:00,59.95119172369183,35.25526679137665,78.07014128037912,16.1322130622408
2021-02-11 01:00:00,49.82034698248786,22.500344503404573,52.910951284453034,18.901278992338952
2021-02-11 02:00:00,49.82034698248786,22.500344503404573,52.910951284453034,18.62835754476738
2021-02-11 03:00:00,49.82034698248786,22.500344503404573,52.910951284453034,18.08606608009039
2021-02-11 04:00:00,49.82034698248786,23.44652898803599,52.910951284453034,16.209384217661693
2021-02-11 05:00:00,49.82034698248786,23.294023401596622,53.25420929259367,16.070367333427743
2021-02-11 06:00:00,49.82034698248786,23.294023401596622,53.25420929259367,14.001781464286514
2021-02-11 07:00:00,49.82034698248786,23.294023401596622,53.25420929259367,14.253472290836193
2021-02-11 08:00:00,53.47213984039426,28.10897524633322,54.45073688935428,25.18207390800053
2021-02-11 09:00:00,95.11783150845015,58.0161027082576,108.90398288323865,59.48189876177108
2021-02-11 10:00:00,171.09084511613491,106.8289622353546,193.10100469646085,162.35185297214264
2021-02-11 11:00:00,261.0772275062798,172.37836854746922,294.91498265034073,239.9813810803248
2021-02-11 12:00:00,302.3392882499587,201.32988625941175,324.64596145993585,290.03663530724583
2021-02-11 13:00:00,308.95364474468863,221.0674667196137,360.7490261570298,306.99985977506407
2021-02-11 14:00:00,442.1783209183038,296.352562003444,515.2711577118756,302.82658147982414
2021-02-11 15:00:00,476.06161285831877,298.55725782079276,544.3840950399723,260.0535039514701
2021-02-11 16:00:00,377.5635873170224,275.5133866108822,486.2714853232222,196.35602841847643
2021-02-11 17:00:00,192.0853595176531,144.51387916584912,261.2309466770217,87.92620007407926
2021-02-11 18:00:00,73.35407058425065,50.81552624422576,98.58127187665048,26.10699796822506
2021-02-11 19:00:00,61.09401364106341,32.33185901576959,77.30514920521627,12.958635981382443
2021-02-11 20:00:00,57.0547000006198,37.15525044341927,84.41223647653318,11.68687562764315
2021-02-11 21:00:00,60.24416591687449,36.04175567086241,84.56521253275444,14.030722946771945
2021-02-11 22:00:00,59.95119172369183,35.46497328927898,82.85470040389767,14.79834336575839
2021-02-11 23:00:00,59.95119172369183,35.395297878035734,82.85470040389767,13.146749604933108
2021-02-11 24:00:00,59.45729496371225,34.58352734895403,79.33930619154816,12.88998935950937
2021-02-12 01:00:00,50.757256461892055,23.88994406762277,54.60832188970607,10.807875610713161
2021-02-12 02:00:00,50.757256461892055,23.88994406762277,54.60832188970607,13.536929629399717
2021-02-12 03:00:00,50.757256461892055,23.88994406762277,54.60832188970607,13.470073761352698
2021-02-12 04:00:00,50.757256461892055,23.88994406762277,54.60832188970607,13.470998507879566
2021-02-12 05:00:00,50.757256461892055,23.8938220215659,54.60832188970607,13.677333398515275
2021-02-12 06:00:00,50.757256461892055,23.779899194075497,54.60832188970607,13.744189266562294
2021-02-12 07:00:00,49.82034698248786,23.164403257466912,53.25420929259367,13.616012646339744
2021-02-12 08:00:00,54.70202351298113,29.78949108080365,56.613545556072495,25.60801509873436
2021-02-12 09:00:00,110.46176834230832,61.99441596000569,124.47658201250958,47.87138620804759
2021-02-12 10:00:00,230.93311604087032,140.04856421834998,267.1791461375991,117.30968563855242
2021-02-12 11:00:00,364.57944334299214,245.119503910668,434.0826845435767,187.54047472332152
2021-02-12 12:00:00,458.60764615862075,299.7812497039459,518.3894151265744,230.8788715961433
2021-02-12 13:00:00,478.952313610627,299.8954824573073,556.4473244924758,273.6037431658931
2021-02-12 14:00:00,491.74853317250603,303.71135262845553,565.3154701958962,271.94390995189383
2021-02-12 15:00:00,487.32566249415214,305.9199142675446,574.8314898700243,230.50472449281267
2021-02-12 16:00:00,377.7370493331282,282.6577352292572,493.47790487769925,179.84662600461044
2021-02-12 17:00:00,204.61820146089119,147.37593897247916,292.3929492383449,76.98149170295795
2021-02-12 18:00:00,73.35407058425065,51.472384868103205,99.92197271918563,30.092857745114134
2021-02-12 19:00:00,61.09401364106341,32.33185901576959,77.30514920521627,8.541152157228163
2021-02-12 20:00:00,57.694718186665334,33.70017956253578,80.11936370245961,8.195623244429276
2021-02-12 21:00:00,57.32441207698367,37.15525044341927,85.11886758971018,7.961518554714879
2021-02-12 22:00:00,60.24416591687449,36.04175567086241,84.56521253275444,7.305080390003855
2021-02-12 23:00:00,59.335544093831636,35.63160002172712,79.6754955012446,10.880564642026888
2021-02-12 24:00:00,56.215469897561256,35.69147181618395,81.03032598887884,11.006290550121866
2021-02-13 01:00:00,49.03799199208202,25.441795903713054,55.279473260843744,14.201088920907829
2021-02-13 02:00:00,49.87411836318023,25.927671696191915,57.119051167992346,14.26804751450787
2021-02-13 03:00:00,49.87411836318023,26.041594523682313,57.119051167992346,14.595521297345515
2021-02-13 04:00:00,49.87411836318023,26.037716569739185,57.119051167992346,14.499140016287484
2021-02-13 05:00:00,49.87411836318023,26.037716569739185,57.119051167992346,14.44173824482321
2021-02-13 06:00:00,49.87411836318023,26.037716569739185,57.119051167992346,14.519787421015733
2021-02-13 07:00:00,49.87411836318023,26.037716569739185,57.119051167992346,15.471168795909001
2021-02-13 08:00:00,54.54491384209441,30.838843403530586,59.545955854270886,26.854259711172627
2021-02-13 09:00:00,94.05435743533252,55.60548680555766,113.3683759608813,78.80408932325987
2021-02-13 10:00:00,239.82588387411994,162.18977595103058,274.28837017966134,188.01770216095974
2021-02-13 11:00:00,400.77107600323717,268.2308389464315,451.0215832465959,276.4869661884786
2021-02-13 12:00:00,480.4129869777993,308.38800292265984,554.1802383126143,313.1294653206187
2021-02-13 13:00:00,488.445121672312,316.90515997560135,563.5402596130989,324.9215487431162
2021-02-13 14:00:00,489.65600332285305,308.4709636230641,557.6602228744273,319.1356401471848
2021-02-13 15:00:00,500.138745988801,304.7481896837888,573.5521824814687,277.1018800431557
2021-02-13 16:00:00,379.8994923219115,283.98823242294213,504.1309641748749,212.11923650565467
2021-02-13 17:00:00,204.61820146089119,148.3799666678019,293.36814679054663,103.25284799396287
2021-02-13 18:00:00,73.49257304879522,50.92559579036989,99.1001642597203,34.289361370736
2021-02-13 19:00:00,60.78171187661848,31.484870999721515,70.71349564320613,13.76004718788376
2021-02-13 20:00:00,56.21532535994021,30.444766575569815,67.95466266121717,12.55953219288777
2021-02-13 21:00:00,56.75124737596621,31.452177790363994,78.59026298617592,11.751820807011699
2021-02-13 22:00:00,57.0547000006198,37.15525044341927,84.41223647653318,11.136490210737856
2021-02-13 23:00:00,56.42710524174648,37.05117350712211,83.91607055603575,11.451586365138695
2021-02-13 24:00:00,55.94575782119741,36.15329500975961,80.32369487570185,11.68687562764315
2021-02-14 01:00:00,49.87411836318023,26.167336713868895,57.119051167992346,13.492022483852441
2021-02-14 02:00:00,49.87411836318023,26.167336713868895,57.119051167992346,13.750445407236493
2021-02-14 03:00:00,49.87411836318023,26.167336713868895,57.119051167992346,13.684866599378946
2021-02-14 04:00:00,49.87411836318023,26.167336713868895,57.119051167992346,10.456411457124434
2021-02-14 05:00:00,50.37680675343383,26.167336713868895,57.45544192941307,8.843545528903173
2021-02-14 06:00:00,50.39696344795112,25.008326539509596,55.468915911321304,9.278490144125652
2021-02-14 07:00:00,51.05023065507473,25.008326539509596,55.41701795931192,9.345346012172671
2021-02-14 08:00:00,53.49995641512655,31.38716695685321,57.97893843811803,18.737419776056363
2021-02-14 09:00:00,93.13968241700223,56.48713377936859,110.57121648188102,32.46126608532024
2021-02-14 10:00:00,147.93698307753792,94.95011180633125,144.24566879709042,39.56929906917247
2021-02-14 11:00:00,221.24804442205343,154.9982267597402,231.610511776865,79.0503792291939
2021-02-14 12:00:00,256.8689854954902,200.9016973252822,311.83940854053344,130.06564239078938
2021-02-14 13:00:00,304.2856854526707,272.85363892011543,410.30097196279473,174.69046323487325
2021-02-14 14:00:00,304.60141850558847,274.30316466708257,422.010624133386,178.1367244652674
2021-02-14 15:00:00,298.9633934515364,236.17936751229513,377.98640920439965,153.42672836659233
2021-02-14 16:00:00,233.13579991870577,180.40483551814853,280.54971906630755,130.1096463567469
2021-02-14 17:00:00,151.23527812402313,91.49350505735194,176.3163341615808,57.35987464200963
2021-02-14 18:00:00,73.90086094867858,46.44915625266363,96.9489985947359,28.157803248547047
2021-02-14 19:00:00,64.98601463645164,31.441682258610633,71.058484452416,10.164641788160745
2021-02-14 20:00:00,57.12256645285699,30.449615742625173,66.99551462488624,9.680295290323714
2021-02-14 21:00:00,57.12256645285699,29.18559146445789,66.94004546815825,9.676735862443751
2021-02-14 22:00:00,56.623161250028524,28.36987475867669,67.56468621321575,9.963823144622776
2021-02-14 23:00:00,56.39954099844746,28.36987475867669,67.77957466019339,10.129116075555304
2021-02-14 24:00:00,56.39954099844746,28.36987475867669,67.0533792992099,10.573357731767416
2021-02-15 01:00:00,51.85146003067002,22.70049988842108,58.453081684584596,11.803655349223645
2021-02-15 02:00:00,50.48777919247553,23.291170004967487,58.28615761368136,11.861747365416614
2021-02-15 03:00:00,49.688484846363046,23.8350284975529,58.35867985760269,11.861747365416614
2021-02-15 04:00:00,50.113321175670535,22.718483476707174,56.278245912153906,11.552816845121828
2021-02-15 05:00:00,50.113321175670535,22.718483476707174,56.278245912153906,14.116538004345257
2021-02-15 06:00:00,50.113321175670535,22.718483476707174,56.278245912153906,14.116538004345257
2021-02-15 07:00:00,49.82034698248786,21.729721148950045,52.70230630480775,13.925697271362157
2021-02-15 08:00:00,53.765114033576936,27.539572927728393,57.19881365882424,25.952682186228284
2021-02-15 09:00:00,98.3304417658481,58.2527749746169,117.89346820398659,91.83153137725958
2021-02-15 10:00:00,149.9679462004061,82.32008573596951,149.90536239096497,171.69232204789463
2021-02-15 11:00:00,237.68870258206303,190.95397734442665,296.9554180964578,240.12537247434955
2021-02-15 12:00:00,271.4927634582202,239.78747822515294,353.4024484070238,283.4976712417854
2021-02-15 13:00:00,329.6977002977339,272.9961879232472,400.8181944717509,282.7286764194532
2021-02-15 14:00:00,430.00741518286156,304.82500772061707,527.4765529949126,277.55960877070044
2021-02-15 15:00:00,486.2128020813308,327.06979847971235,562.9138141466897,220.05563084873796
2021-02-15 16:00:00,370.27646166661066,295.93673203217026,490.61027157994585,139.93421817304383
2021-02-15 17:00:00,195.51991706041133,166.06583400919163,286.7178718103214,73.03422836583309
2021-02-15 18:00:00,76.18263622669113,60.95054480985119,113.75804553737548,29.192432851331887
2021-02-15 19:00:00,64.90265051850594,41.53523415288789,78.3562237244426,17.82570936180491
2021-02-15 20:00:00,60.250071930932464,40.49512972873619,76.33958450478252,17.82570936180491
2021-02-15 21:00:00,60.250071930932464,40.49512972873619,76.33958450478252,19.571270641939225
2021-02-15 22:00:00,60.214422683821724,35.70859805502199,74.71950295532679,19.215566235926044
2021-02-15 23:00:00,60.214422683821724,35.70859805502199,74.71950295532679,17.82570936180491
2021-02-15 24:00:00,60.214422683821724,35.70859805502199,74.71950295532679,17.733219230740477
2021-02-16 01:00:00,73.65044614597464,52.10246405814595,95.17703512279988,16.729401445326662
2021-02-16 02:00:00,73.65044614597464,52.10246405814595,95.08888839167435,16.729401445326662
2021-02-16 03:00:00,73.65044614597464,52.10246405814595,95.08888839167435,16.729401445326662
2021-02-16 04:00:00,73.65044614597464,52.10246405814595,95.08888839167435,16.729401445326662
2021-02-16 05:00:00,73.65044614597464,51.9764405327513,95.08888839167435,16.729401445326662
2021-02-16 06:00:00,73.65044614597464,51.9764405327513,88.63392718440979,16.729401445326662
2021-02-16 07:00:00,73.65044614597464,51.9764405327513,88.5332009838543,16.729401445326662
2021-02-16 08:00:00,73.83216722122471,51.53755801516435,88.63392718440979,24.345033741400854
2021-02-16 09:00:00,90.89003587501051,58.14417092461224,127.58233983681383,64.53966817431943
2021-02-16 10:00:00,173.5205863197972,122.54390218819182,229.87126573419152,178.62883545102835
2021-02-16 11:00:00,231.1110897489533,208.1733511948769,334.9304983973492,269.39024971426215
2021-02-16 12:00:00,269.2945740256142,203.84475745074477,334.1513809516323,326.0697964719601
2021-02-16 13:00:00,263.3162008955219,218.59855520042714,316.87981420568224,328.5942257279535
2021-02-16 14:00:00,263.3162008955219,214.6457829713207,316.87981420568224,327.18427273500356
2021-02-16 15:00:00,255.14405192315385,186.7446281665986,294.33385649577167,283.13947028438224
2021-02-16 16:00:00,218.57962944696632,176.05869031639264,245.67417761174798,206.66493598071116
2021-02-16 17:00:00,143.65113607062915,101.66992265185732,169.63506836245173,79.27201295170796
2021-02-16 18:00:00,70.46036832444734,50.2626513931709,92.25140667578736,26.221636847389856
2021-02-16 19:00:00,61.05598295519694,39.104282468073556,68.56484551404168,19.20233103596967
2021-02-16 20:00:00,60.364725617534006,40.470566747813464,78.59702333248174,14.995312672224241
2021-02-16 21:00:00,60.559884253408754,40.54555963634011,77.85191588810079,15.334368647492294
2021-02-16 22:00:00,60.559884253408754,40.49512972873619,76.60884655186891,17.41449689952876
2021-02-16 23:00:00,60.559884253408754,40.54555963634011,77.85191588810079,17.733219230740477
2021-02-16 24:00:00,60.364725617534006,40.470566747813464,78.59702333248174,17.733219230740477
2021-02-17 01:00:00,72.37004596997896,51.701728104817285,92.58782453295795,16.821891576391096
2021-02-17 02:00:00,72.37004596997896,51.701728104817285,92.58782453295795,16.729401445326662
2021-02-17 03:00:00,72.37004596997896,51.72217401657811,92.79646951260325,16.729401445326662
2021-02-17 04:00:00,72.43352616983998,51.981496707668356,93.93930937612417,16.729401445326662
2021-02-17 05:00:00,72.37004596997896,51.72217401657811,92.65847979225121,16.729401445326662
2021-02-17 06:00:00,72.37004596997896,51.701728104817285,92.44983481260591,16.729401445326662
2021-02-17 07:00:00,72.37004596997896,51.701728104817285,92.1819637828108,16.729401445326662
2021-02-17 08:00:00,72.55176704522903,51.13908171417723,92.1819637828108,24.310639837583754
2021-02-17 09:00:00,90.60658499415256,57.889369137526785,117.40438331077743,64.51092789394725
2021-02-17 10:00:00,173.0677773329122,120.56334668915333,225.12515066610777,178.60009517065618
2021-02-17 11:00:00,238.06526096637666,204.4542067964009,361.96565028212814,269.5217581270814
2021-02-17 12:00:00,295.1562749156903,254.57931867316483,411.43243746301385,320.00360887803635
2021-02-17 13:00:00,296.33414980999316,257.7785635388299,416.6738238386103,284.09949819680827
2021-02-17 14:00:00,279.0264681125642,246.12429706982203,404.0301500825814,319.0414098114839
2021-02-17 15:00:00,271.13224356480475,215.84358547039648,371.1509902588657,273.17027131885357
2021-02-17 16:00:00,215.84682811701438,168.32046371846494,278.32708036449867,210.54756323349227
2021-02-17 17:00:00,143.99659764021615,111.29938523350323,177.8055594048341,99.03173182426508
2021-02-17 18:00:00,70.80582989403436,55.949555185125405,94.25354346181787,34.52020759041286
2021-02-17 19:00:00,61.05598295519694,39.104282468073556,68.29558346695529,20.42937797463758
2021-02-17 20:00:00,56.40340436762347,38.21629288838525,66.27894424729521,20.42937797463758
2021-02-17 21:00:00,56.40340436762347,38.21629288838525,66.27894424729521,17.82570936180491
2021-02-17 22:00:00,56.36775512051274,33.42976121467105,64.92812474492587,17.82570936180491
2021-02-17 23:00:00,56.36775512051274,33.42976121467105,64.92812474492587,15.385450582680924
2021-02-17 24:00:00,56.36775512051274,33.42976121467105,64.92812474492587,15.385450582680924
2021-02-18 01:00:00,72.37004596997896,51.701728104817285,92.36168808148037,15.166406894056099
2021-02-18 02:00:00,72.37004596997896,51.701728104817285,92.36168808148037,15.166406894056099
2021-02-18 03:00:00,72.37004596997896,51.72217401657811,92.65847979225121,15.166406894056099
2021-02-18 04:00:00,72.43352616983998,51.981496707668356,93.93930937612417,15.166406894056099
2021-02-18 05:00:00,72.43352616983998,51.981496707668356,93.93930937612417,12.57082601746447
2021-02-18 06:00:00,72.43352616983998,51.981496707668356,93.93930937612417,12.57082601746447
2021-02-18 07:00:00,72.43352616983998,51.981496707668356,93.93930937612417,12.57082601746447
2021-02-18 08:00:00,72.61524724509005,51.53873623613832,93.93930937612417,21.7273479040844
2021-02-18 09:00:00,90.89003587501051,58.27019445000689,127.58233983681383,55.61683531372155
2021-02-18 10:00:00,178.81512348427583,131.55122763076568,249.20818747297494,178.60009517065618
2021-02-18 11:00:00,325.16906474494067,266.7547680444825,460.72511653769266,269.3821571330266
2021-02-18 12:00:00,404.5020706872076,335.7145850726353,519.2910040978983,324.1907270155725
2021-02-18 13:00:00,404.54578179838165,345.7297786319597,525.8252433242117,328.5942257279535
2021-02-18 14:00:00,475.6143612204383,325.560148728324,597.9627121319528,327.3791637251341
2021-02-18 15:00:00,491.5658124533825,330.5859842744317,597.6115056794881,285.14302808077537
2021-02-18 16:00:00,378.53959613716773,301.3590825693753,505.4280934297915,210.45942711958642
2021-02-18 17:00:00,195.51991706041133,167.68305863600716,288.35847324521274,96.6417135284653
2021-02-18 18:00:00,75.87282390421485,60.95054480985119,113.75804553737548,30.35577826927541
2021-02-18 19:00:00,64.55718894891892,36.74870247917369,76.73614217498687,16.444190821253034
2021-02-18 20:00:00,60.214422683821724,35.70859805502199,74.71950295532679,16.479832985525814
2021-02-18 21:00:00,60.214422683821724,35.70859805502199,71.53006664372505,16.479832985525814
2021-02-18 22:00:00,60.214422683821724,35.70859805502199,71.53006664372505,16.428751050337187
2021-02-18 23:00:00,60.214422683821724,32.90725359153587,69.99738392796115,13.73132399643394
2021-02-18 24:00:00,60.214422683821724,32.22458255259169,68.27062978894419,13.71870515901463
2021-02-19 01:00:00,73.44746237518082,41.542679376408806,79.22660857324176,13.555922859520814
2021-02-19 02:00:00,73.44746237518082,41.467034828862154,78.32261607219898,13.555922859520814
2021-02-19 03:00:00,72.22320433190642,40.67058776634719,73.2503976968543,13.564929129631846
2021-02-19 04:00:00,68.40921508909888,38.525768478437264,73.41162940846023,13.62765749893874
2021-02-19 05:00:00,67.68075545048491,38.525768478437264,75.39149046206263,13.564929129631846
2021-02-19 06:00:00,52.78544501859618,25.10452864998809,60.17086513054945,13.60417835835237
2021-02-19 07:00:00,49.87411836318023,26.037716569739185,57.119051167992346,13.60417835835237
2021-02-19 08:00:00,55.90859468028897,29.890934528735222,59.71287992517412,22.135496806716418
2021-02-19 09:00:00,93.3994479787967,45.28462961706335,113.2968994973113,61.81098727253349
2021-02-19 10:00:00,210.43208842670433,125.34291169277776,258.8830047480517,174.91388588578494
2021-02-19 11:00:00,396.6790288739549,259.75124965818816,461.812926799495,268.92403885432833
2021-02-19 12:00:00,480.4443065499449,304.5458104438446,562.2404985930286,326.0975863122602
2021-02-19 13:00:00,502.70366050222935,320.9270723123504,598.4664079755782,326.39314344904045
2021-02-19 14:00:00,499.9210853612402,318.63104541920745,583.8606467697844,325.11147638075835
2021-02-19 15:00:00,485.85325090396844,307.4065053255526,563.6412880036609,281.42548017268746
2021-02-19 16:00:00,378.4042300517984,276.93048097642765,485.5638636934102,204.87817775557193
2021-02-19 17:00:00,201.28701464236417,139.138733761269,268.88313147081965,91.20392929015755
2021-02-19 18:00:00,72.48319449057239,48.41341002357462,95.86676241745215,29.00877276966727
2021-02-19 19:00:00,59.6727696971961,30.4586616615649,64.61115095734988,13.664781866253925
2021-02-19 20:00:00,55.121201657581885,29.442811141910166,63.90005849016946,14.15605607797985
2021-02-19 21:00:00,55.65712367360784,30.09883122308261,74.53565881512817,15.44162780102511
2021-02-19 22:00:00,55.96057629826141,35.75707554645251,79.63191127417103,16.183065476480678
2021-02-19 23:00:00,56.69072277305531,32.35300755158262,75.52291679973352,16.183065476480678
2021-02-19 24:00:00,55.74725196235624,30.105005779410828,73.99381608344974,16.17178756874393
2021-02-20 01:00:00,54.767629506011325,25.908690716719097,61.8275180690019,18.50986881149473
2021-02-20 02:00:00,57.716575030880975,30.302930385381764,65.63286593977645,18.50986881149473
2021-02-20 03:00:00,56.35289419268648,29.533383681721773,65.00795666349791,18.50986881149473
2021-02-20 04:00:00,51.8563028505954,27.584190249971247,62.592626350474795,18.50986881149473
2021-02-20 05:00:00,52.36224011721549,27.584190249971247,62.92901711189549,16.39909737383616
2021-02-20 06:00:00,51.93996250444509,25.62488646040136,56.93832082572475,16.25847367281987
2021-02-20 07:00:00,51.05023065507473,25.16744793641578,56.82773680257192,16.38388226785275
2021-02-20 08:00:00,54.85887421588304,30.428402242879915,59.09079824636868,24.983019442835772
2021-02-20 09:00:00,119.29781799499945,82.18447570119181,138.78431734651073,90.10785683939046
2021-02-20 10:00:00,254.98864960435154,173.7350289189974,300.57321145644636,168.80869156933014
2021-02-20 11:00:00,412.62727867523114,283.5288657148411,489.7899039118738,244.19329801006245
2021-02-20 12:00:00,499.7531131561328,328.209744910669,599.3670240324866,310.128342102078
2021-02-20 13:00:00,531.0696903068963,355.25415886566253,638.9720139406162,325.23676239365966
2021-02-20 14:00:00,532.5161069026058,355.2241380705152,656.669613670217,324.14671767446686
2021-02-20 15:00:00,513.4140059975921,325.40757026600375,642.0841559461146,285.863132632668
2021-02-20 16:00:00,387.2626562090858,288.50686892162025,513.0280891201495,217.12809793107124
2021-02-20 17:00:00,205.53726132755568,165.8798369354145,311.90443767896136,111.78318467257
2021-02-20 18:00:00,80.82156027312186,53.66314682909602,121.52227092687981,39.59192160880604
2021-02-20 19:00:00,66.37899546328435,35.43690604324857,75.41900781178711,13.72085620663766
2021-02-20 20:00:00,57.74251638561183,30.709613589698193,70.96509494387286,15.44765146455898
2021-02-20 21:00:00,55.42013172084731,29.442811141910166,64.44693671568966,16.125118522334976
2021-02-20 22:00:00,56.05070458700981,36.10229212374604,80.25745398883994,14.245124666068971
2021-02-20 23:00:00,56.32041666337366,36.10229212374604,80.96408510201694,13.897563858629736
2021-02-20 24:00:00,58.86226003799278,35.020090340452455,81.10522887482865,13.656353315349202
2021-02-21 01:00:00,51.05023065507473,25.62488646040136,57.568407200796436,16.38388226785275
2021-02-21 02:00:00,51.05023065507473,25.62488646040136,57.568407200796436,18.61272966528052
2021-02-21 03:00:00,51.05023065507473,25.62488646040136,57.568407200796436,18.715639520186222
2021-02-21 04:00:00,51.05023065507473,25.62488646040136,57.568407200796436,20.31470676179056
2021-02-21 05:00:00,51.05023065507473,25.62488646040136,57.568407200796436,18.715639520186222
2021-02-21 06:00:00,51.05023065507473,25.62488646040136,57.568407200796436,18.61272966528052
2021-02-21 07:00:00,51.05023065507473,25.62488646040136,57.568407200796436,16.807283116556587
2021-02-21 08:00:00,63.972825815038405,35.71201266486363,65.40846682689609,28.68918236716581
2021-02-21 09:00:00,129.9553378134835,87.88261206277284,159.46236035575603,100.81104005807292
2021-02-21 10:00:00,256.93196469624746,168.93021951080638,299.4263557132097,177.87785009087924
2021-02-21 11:00:00,408.1613637734082,268.258036435581,470.4690059652315,248.9310492787891
2021-02-21 12:00:00,471.9122032638621,305.9855546468653,537.5640082151257,309.8382170436367
2021-02-21 13:00:00,481.7383134498618,309.39613216312205,573.3632594483513,320.9536591779942
2021-02-21 14:00:00,481.7383134498618,308.48556768295265,571.4731421919593,320.34449072523154
2021-02-21 15:00:00,472.4073122180808,300.8063235291014,567.1107466249966,281.8490157455871
2021-02-21 16:00:00,383.89024464392986,278.88828702690313,491.3340478036369,217.2082257348283
2021-02-21 17:00:00,208.85945563248535,157.7950395510832,298.95601405408394,118.47155039464448
2021-02-21 18:00:00,79.36045278559577,59.38036607526736,102.29983861276797,42.71089529045196
2021-02-21 19:00:00,63.12982273289852,32.5123292275391,64.26068062320257,13.246565519605678
2021-02-21 20:00:00,55.42013172084731,29.21326262569691,63.72121568437527,11.962733618828658
2021-02-21 21:00:00,55.74725196235624,29.74328635216567,70.17711961822563,14.230412737521132
2021-02-21 22:00:00,56.05070458700981,35.907170451575205,80.25745398883994,14.947321974095084
2021-02-21 23:00:00,56.05070458700981,35.55577931795346,80.25745398883994,16.161133712806627
2021-02-21 24:00:00,56.05070458700981,35.56195387428168,79.53173295752556,16.200708219309757
2021-02-22 01:00:00,51.8563028505954,27.584190249971247,62.592626350474795,24.527984192631898
2021-02-22 02:00:00,52.6075009631009,27.588068203914375,62.92901711189549,24.614074620855057
2021-02-22 03:00:00,52.29026281310294,26.184845548310133,60.95070088323043,20.580966792074435
2021-02-22 04:00:00,50.113321175670535,24.89934565024553,57.941187656702226,19.863113175675558
2021-02-22 05:00:00,50.113321175670535,25.0518512366849,57.543529987783614,19.083370276127805
2021-02-22 06:00:00,50.113321175670535,24.68296341133667,58.48794382507136,16.545967271899897
2021-02-22 07:00:00,49.82034698248786,23.236762559593938,53.345723835987485,15.363773146505881
2021-02-22 08:00:00,55.26650934324319,30.318357369332656,59.038900294359316,31.594275069004187
2021-02-22 09:00:00,111.72274955633492,78.63808628077986,131.550150430843,100.38599693593774
2021-02-22 10:00:00,244.9177137586302,167.19953830942674,285.36039240381825,162.42606450538617
2021-02-22 11:00:00,294.49543483724733,209.52952169513944,364.80137804189854,225.6995204846808
2021-02-22 12:00:00,309.26184966213526,243.44556111855226,375.43027936597656,295.63525534756576
2021-02-22 13:00:00,311.6344602866527,250.2948720690021,382.71528690125473,306.1930265132538
2021-02-22 14:00:00,465.2994375545427,331.41897888182166,562.0624722094136,306.84561010337
2021-02-22 15:00:00,474.2464019018126,333.35189542697407,589.2969839135056,273.82145311817385
2021-02-22 16:00:00,375.6069535069588,286.9873714360893,495.44584916002503,210.21035150927844
2021-02-22 17:00:00,194.90724792559817,151.84307505945642,288.62015152568836,115.02882127505755
2021-02-22 18:00:00,75.83717465710411,55.263641017896724,115.80747501692441,49.61184099439098
2021-02-22 19:00:00,64.55718894891892,36.74870247917369,77.0461307091968,18.824568624871354
2021-02-22 20:00:00,60.250071930932464,40.49512972873619,76.60884655186891,17.930017091019828
2021-02-22 21:00:00,60.250071930932464,40.49512972873619,76.60884655186891,18.285721497033002
2021-02-22 22:00:00,60.559884253408754,40.49512972873619,76.60884655186891,19.183403336234484
2021-02-22 23:00:00,60.559884253408754,40.49512972873619,76.60884655186891,19.19049787614031
2021-02-22 24:00:00,60.559884253408754,40.49512972873619,76.60884655186891,17.82570936180491
2021-02-23 01:00:00,73.65044614597464,52.10246405814595,96.05016092375219,24.669570767402558
2021-02-23 02:00:00,73.65044614597464,52.10246405814595,95.31502484315193,23.565913919096253
2021-02-23 03:00:00,73.65044614597464,52.10246405814595,95.31502484315193,20.103161653044776
2021-02-23 04:00:00,73.65044614597464,52.10246405814595,95.31502484315193,19.211909872190905
2021-02-23 05:00:00,73.65044614597464,52.10246405814595,95.31502484315193,19.211909872190905
2021-02-23 06:00:00,73.65044614597464,52.10246405814595,95.31502484315193,19.211909872190905
2021-02-23 07:00:00,73.65044614597464,52.10246405814595,95.31502484315193,19.211909872190905
2021-02-23 08:00:00,73.83216722122471,51.65970358661591,95.31502484315193,27.237710626258373
2021-02-23 09:00:00,95.26256826126973,57.966788967344534,127.91476801444364,69.1335969952084
2021-02-23 10:00:00,219.60350085983129,139.21956368112095,286.90618665470015,183.17617802408085
2021-02-23 11:00:00,412.86969785572455,267.02767223989775,504.4676393569169,267.2087183112511
2021-02-23 12:00:00,526.797068650464,341.5935478877903,649.5283434635377,315.47329359525065
2021-02-23 13:00:00,526.797068650464,352.2303314891579,658.6390234265549,278.81492406605526
2021-02-23 14:00:00,512.3961811422421,371.9606034762073,633.943840226325,272.70729258422756
2021-02-23 15:00:00,460.0695416963473,347.51348063149555,576.6295357591068,211.66301081712797
2021-02-23 16:00:00,313.15975166648997,277.2366531039492,405.5345151872828,160.88907254607037
2021-02-23 17:00:00,150.27452997323357,126.78286357075,200.4288552591695,72.31828083628992
2021-02-23 18:00:00,77.08376222705182,61.33899338149523,110.37448116751432,28.805538637958406
2021-02-23 19:00:00,67.33391528821441,39.104282468073556,72.66973754555843,14.884771608762197
2021-02-23 20:00:00,62.32206047166303,40.7465973422335,75.18349991714953,14.884771608762197
2021-02-23 21:00:00,62.32206047166303,40.470566747813464,75.719372666717,15.010752443140094
2021-02-23 22:00:00,65.97356939909731,40.470566747813464,79.90189496251078,14.995312672224241
2021-02-23 23:00:00,60.364725617534006,40.470566747813464,78.59702333248174,15.029746176667743
2021-02-23 24:00:00,60.364725617534006,40.470566747813464,78.59702333248174,15.029746176667743
2021-02-24 01:00:00,72.43352616983998,51.981496707668356,94.07729909647624,16.20474463845635
2021-02-24 02:00:00,72.43352616983998,51.981496707668356,94.07729909647624,15.259098882586725
2021-02-24 03:00:00,72.43352616983998,53.95941959441843,92.50233408296165,15.259098882586725
2021-02-24 04:00:00,72.43352616983998,53.95941959441843,92.35039492636699,15.4017916060736
2021-02-24 05:00:00,72.43352616983998,53.95941959441843,92.35039492636699,15.4017916060736
2021-02-24 06:00:00,72.43352616983998,53.95941959441843,92.35039492636699,15.4017916060736
2021-02-24 07:00:00,72.43352616983998,53.95941959441843,92.35039492636699,15.4017916060736
2021-02-24 08:00:00,72.61524724509005,53.51665912288839,92.35039492636699,23.12254488448438
2021-02-24 09:00:00,90.89003587501051,60.24811733675696,126.08157211818205,57.3873537871195
2021-02-24 10:00:00,182.6421002236051,127.12562004362454,241.5580099762022,180.36080556528032
2021-02-24 11:00:00,294.3408128336223,236.62371854129725,405.1767378282751,210.89973227281456
2021-02-24 12:00:00,353.2953874165152,312.0491773916929,455.0858985700423,211.8451032998377
2021-02-24 13:00:00,353.28132636307356,317.7202040583101,459.4835582018013,172.94080499792202
2021-02-24 14:00:00,347.1764599337466,300.8803034739978,452.2656748895213,171.40895440151877
2021-02-24 15:00:00,349.45962232643717,284.414103243053,441.4575276615488,144.22359965515741
2021-02-24 16:00:00,313.15975166648997,270.6494863013095,392.17495998102424,109.7489600590623
2021-02-24 17:00:00,174.61347111193822,140.44025714982652,236.1833705778499,49.954951370850964
2021-02-24 18:00:00,75.87282390421485,60.72803594222274,108.40249533405884,19.832729595413117
2021-02-24 19:00:00,64.55718894891892,36.74870247917369,72.84672774900415,10.065283965665593
2021-02-24 20:00:00,60.214422683821724,32.16712511345609,69.51369912517607,12.386521865638244
2021-02-24 21:00:00,57.20141158746781,30.139486585851486,66.5216695431768,12.32964906451337
2021-02-24 22:00:00,55.93520893762492,28.662467863376886,62.16109801070948,12.610411031140776
2021-02-24 23:00:00,56.10410297425859,29.860585332270038,62.182211621969095,11.331273723009625
2021-02-24 24:00:00,55.10638318051789,28.991383495106323,64.59231642136942,11.055284744000682
2021-02-25 01:00:00,52.78544501859618,25.104635675049224,59.71287992517412,13.836209186937332
2021-02-25 02:00:00,67.68075545048491,38.60206110948647,75.39149046206263,12.947818143678195
2021-02-25 03:00:00,67.68075545048491,38.48813828199608,73.01442616120757,12.757855753998602
2021-02-25 04:00:00,67.2930782212702,39.08395800564419,71.52743600315067,10.076592061286147
2021-02-25 05:00:00,66.56461858265624,39.08395800564419,71.13023275589802,10.076592061286147
2021-02-25 06:00:00,66.56461858265624,39.08395800564419,73.50729705675309,10.076592061286147
2021-02-25 07:00:00,51.66930815076759,25.590410525150073,57.82868651986457,10.076592061286147
2021-02-25 08:00:00,67.54182180176296,38.82678775153545,73.50729705675309,15.55500063717123
2021-02-25 09:00:00,88.0945122215846,45.315661025663815,105.51638432081447,43.67769273610423
2021-02-25 10:00:00,188.66695991415494,120.30620891442665,220.9561156729165,99.48685138772908
2021-02-25 11:00:00,226.3772399525185,189.1907006783998,263.512480526142,122.7363436025533
2021-02-25 12:00:00,239.40786464963207,206.89196883906473,245.1865311871663,144.23113694885504
2021-02-25 13:00:00,221.00647700324132,172.56393223026168,246.0099353650393,205.2215337849296
2021-02-25 14:00:00,238.66801115874446,174.43622297268848,268.59068073368854,186.762078080816
2021-02-25 15:00:00,252.44210877826606,181.44713609618606,303.6375683456601,154.39660764920535
2021-02-25 16:00:00,232.14072991976073,175.40513262452592,256.0756938002899,119.91330332751943
2021-02-25 17:00:00,146.0056061364871,93.68866720905467,187.41650083740234,49.15511315694738
2021-02-25 18:00:00,72.39832406001868,48.838758195426934,94.44416061132351,21.836519151703605
2021-02-25 19:00:00,60.96592751512572,30.81411661266694,68.32885448522035,9.989701322644125
2021-02-25 20:00:00,55.77194623957419,29.926127032978638,67.59527154161306,9.636268368094667
2021-02-25 21:00:00,55.290598819025114,27.257892024553342,63.845007449126335,8.28288833029269
2021-02-25 22:00:00,55.8265208350511,28.104880040601483,70.94796792514235,7.5040031058866115
2021-02-25 23:00:00,55.290598819025114,27.257892024553342,64.57120281010985,7.156442298447369
2021-02-25 24:00:00,55.93520893762492,28.127093861717082,62.16109801070948,6.922337608732989
2021-02-26 01:00:00,71.00628435577175,40.18330436167051,73.38331178359374,10.027045353754438
2021-02-26 02:00:00,72.22320433190642,39.556803276462865,73.95038413848961,10.027045353754438
2021-02-26 03:00:00,72.22320433190642,40.50220499538109,73.95038413848961,10.027045353754438
2021-02-26 04:00:00,68.40921508909888,38.72780329967311,74.11161585009553,10.027045353754438
2021-02-26 05:00:00,68.40921508909888,38.72780329967311,73.93512591716518,9.888028469520494
2021-02-26 06:00:00,68.40921508909888,38.72780329967311,73.93512591716518,8.414179425533188
2021-02-26 07:00:00,68.40921508909888,38.72780329967311,73.41162940846023,8.665870252082884
2021-02-26 08:00:00,72.4034668181941,39.90614415851359,73.77389420555924,15.551318447200318
2021-02-26 09:00:00,100.10036483960272,61.1466142299556,119.89985307959861,43.609064751720304
2021-02-26 10:00:00,265.7272189244341,159.26009740703563,282.709560901222,82.49567842220365
2021-02-26 11:00:00,423.09396450469336,271.0001016210507,486.3862242111717,96.895356406015
2021-02-26 12:00:00,499.605489874859,318.86824727560764,575.0247941198808,127.91908711981293
2021-02-26 13:00:00,504.81662884046614,335.61379103688984,588.9424340091575,141.322552329745
2021-02-26 14:00:00,505.9253124392533,338.06016378846454,593.5734448234771,144.82285220967307
2021-02-26 15:00:00,493.9909845779215,317.0708103715462,584.9194825138105,130.95315469388902
2021-02-26 16:00:00,380.0309384376689,269.1284782681887,487.1668593285607,117.65650314173496
2021-02-26 17:00:00,203.9577333119501,148.045522388991,284.0785182268269,46.06248819450545
2021-02-26 18:00:00,86.77586562427217,60.62467607120104,121.21929057343715,21.763714733640033
2021-02-26 19:00:00,72.33330081443466,40.55057494608755,81.5916130034664,10.628580567625
2021-02-26 20:00:00,60.57101334037824,39.53472442643282,80.0513856718618,10.628580567625
2021-02-26 21:00:00,60.26120101790193,39.53472442643282,80.0513856718618,10.628580567625
2021-02-26 22:00:00,60.42860534043529,34.748192752718616,78.43130412240606,10.628580567625
2021-02-26 23:00:00,59.906392851662524,32.29871456309504,71.57653737334013,12.83991802258257
2021-02-26 24:00:00,59.906392851662524,31.61604352415086,69.53979470011323,12.731539240963158
2021-02-27 01:00:00,69.84795369022595,39.66684815001017,73.81980646809485,17.12563725139021
2021-02-27 02:00:00,72.22320433190642,40.498327041438,73.95038413848961,17.155049245992625
2021-02-27 03:00:00,67.68075545048491,38.72780329967311,73.53792266991252,17.155049245992625
2021-02-27 04:00:00,52.78544501859618,25.234255819178934,59.71287992517412,15.026443548520845
2021-02-27 05:00:00,52.78544501859618,25.30656347122392,60.17086513054945,15.15352781049196
2021-02-27 06:00:00,51.4217641804017,25.824925935725314,59.545955854270886,15.565477489720392
2021-02-27 07:00:00,49.87411836318023,26.239751390975016,57.119051167992346,15.565477489720392
2021-02-27 08:00:00,55.90859468028897,30.09296934997107,60.41286636680946,22.316454101975403
2021-02-27 09:00:00,123.91379113554801,64.4965595988147,131.12204699777163,47.83734635682702
2021-02-27 10:00:00,296.0855791837075,184.4296232033794,309.6433538233735,105.80755778738818
2021-02-27 11:00:00,423.16956402873103,270.78444035081685,488.18137903277693,136.8875195943154
2021-02-27 12:00:00,493.9572453611233,315.9122996640811,578.303989629949,150.9354556320353
2021-02-27 13:00:00,501.19096624059887,333.505179960493,584.6547712790355,168.99868038496612
2021-02-27 14:00:00,502.299649839386,333.13141232957656,589.285782093355,165.7719254975909
2021-02-27 15:00:00,493.9909845779215,317.2253322747618,582.7669800438454,144.38298950122055
2021-02-27 16:00:00,380.8141464174918,269.1284782681887,487.1668593285607,110.85814153512811
2021-02-27 17:00:00,205.08239013312604,146.50117350772052,279.20133525185025,55.62950330866472
2021-02-27 18:00:00,86.77586562427217,58.34031607474889,121.21929057343715,22.76377186222315
2021-02-27 19:00:00,72.33330081443466,40.55057494608755,81.5916130034664,12.681424068514609
2021-02-27 20:00:00,60.26120101790193,39.53472442643282,80.0513856718618,12.681424068514609
2021-02-27 21:00:00,59.906392851662524,34.629493395675745,72.853832003926,12.681424068514609
2021-02-27 22:00:00,59.906392851662524,31.61604352415086,69.69602584005351,12.681424068514609
2021-02-27 23:00:00,59.906392851662524,31.15422033057517,70.78286403634512,12.681424068514609
2021-02-27 24:00:00,57.20141158746781,30.126438257938233,66.28729219718402,13.2403442282173
2021-02-28 01:00:00,68.63103371409129,41.69165209369487,73.25273411319898,15.527647933661319
2021-02-28 02:00:00,70.94280415591074,42.033542387927824,71.2764654862309,13.911149584971366
2021-02-28 03:00:00,66.50113838279522,39.770855196306954,69.33823798759484,13.53651695511759
2021-02-28 04:00:00,51.60582795090657,26.23484256229924,55.51319524285642,13.469558361517548
2021-02-28 05:00:00,51.60582795090657,26.277307715812835,55.51319524285642,13.156815309307243
2021-02-28 06:00:00,51.60582795090657,26.76947116566877,55.721840222501704,13.03292064002339
2021-02-28 07:00:00,51.66930815076759,27.177633617227894,57.82868651986457,10.252045907850112
2021-02-28 08:00:00,68.65795866959164,38.62057579690066,73.53792266991252,18.716451544100735
2021-02-28 09:00:00,99.69255485216361,54.590690329783364,112.13677727596844,59.31430879206074
2021-02-28 10:00:00,296.0855791837075,187.12512699106009,309.71773384155375,112.07294311590482
2021-02-28 11:00:00,422.1616501971984,272.21209204352596,492.30645982084803,156.74591316128968
2021-02-28 12:00:00,494.5833453025865,318.16045456894864,563.789493416707,179.25527720986136
2021-02-28 13:00:00,499.93348027431125,328.7944415547965,577.233867036303,185.9591934646602
2021-02-28 14:00:00,463.170008319032,327.6957896769566,528.3663959304414,180.5147998796663
2021-02-28 15:00:00,456.62242672738313,300.87975430767636,543.4233551589118,152.06494909451013
2021-02-28 16:00:00,324.11675511994287,272.272917421253,416.9478920103874,126.84104119157347
2021-02-28 17:00:00,151.58073969361013,120.04147263980775,195.47704086606487,63.07916765323641
2021-02-28 18:00:00,73.90086094867858,52.90753216761006,106.16536640177735,30.56757834306878
2021-02-28 19:00:00,62.84035773213455,34.43232711495026,66.7130551641285,9.160184782271939
2021-02-28 20:00:00,56.68691403964141,30.189079593362145,67.86724443286758,9.008061744627296
2021-02-28 21:00:00,57.45715507262757,30.233372744255906,68.6437169447029,8.773957054912904
2021-02-28 22:00:00,56.41936948585675,31.206630734282676,62.68770840364774,8.002563885816189
2021-02-28 23:00:00,55.89715699708401,31.206630734282676,61.135084399320924,7.94240173869379
2021-02-28 24:00:00,55.89715699708401,31.206630734282676,61.135084399320924,8.468970021008658
2021-06-09 01:00:00,0.0,0.0,0.0,0.0
2021-06-09 02:00:00,0.0,0.0,0.0,0.0
2021-06-09 03:00:00,0.0,0.0,0.0,0.0
2021-06-09 04:00:00,0.0,0.0,0.0,0.0
2021-06-09 05:00:00,0.0,0.0,0.0,0.0
2021-06-09 06:00:00,0.0,0.0,0.0,0.0
2021-06-09 07:00:00,0.0,0.0,0.0,0.0
2021-06-09 08:00:00,0.0,0.0,0.0,0.0
2021-06-09 09:00:00,0.0,0.0,0.0,0.0
2021-06-09 10:00:00,0.0,0.0,0.0,0.0
2021-06-09 11:00:00,0.0,0.0,0.0,0.0
2021-06-09 12:00:00,0.0,0.0,0.0,0.0
2021-06-09 13:00:00,0.0,0.0,0.0,0.0
2021-06-09 14:00:00,0.0,0.0,0.0,0.0
2021-06-09 15:00:00,0.0,0.0,0.0,0.0
2021-06-09 16:00:00,0.0,0.0,0.0,0.0
2021-06-09 17:00:00,0.0,0.0,0.0,0.0
2021-06-09 18:00:00,0.0,0.0,0.0,0.0
2021-06-09 19:00:00,0.0,0.0,0.0,0.0
2021-06-09 20:00:00,0.0,0.0,0.0,0.0
2021-06-09 21:00:00,0.0,0.0,0.0,0.0
2021-06-09 22:00:00,0.0,0.0,0.0,0.0
2021-06-09 23:00:00,0.0,0.0,0.0,0.0
2021-06-09 24:00:00,0.0,0.0,0.0,0.0
2021-06-10 01:00:00,0.0,0.0,0.0,0.0
2021-06-10 02:00:00,0.0,0.0,0.0,0.0
2021-06-10 03:00:00,0.0,0.0,0.0,0.0
2021-06-10 04:00:00,0.0,0.0,0.0,0.0
2021-06-10 05:00:00,0.0,0.0,0.0,0.0
2021-06-10 06:00:00,0.0,0.0,0.0,0.0
2021-06-10 07:00:00,0.0,0.0,0.0,0.0
2021-06-10 08:00:00,0.0,0.0,0.0,0.0
2021-06-10 09:00:00,0.0,0.0,0.0,0.0
2021-06-10 10:00:00,0.0,0.0,0.0,0.0
2021-06-10 11:00:00,0.0,0.0,0.0,0.0
2021-06-10 12:00:00,0.0,0.0,0.0,0.0
2021-06-10 13:00:00,0.0,0.0,0.0,0.0
2021-06-10 14:00:00,0.0,0.0,0.0,0.0
2021-06-10 15:00:00,0.0,0.0,0.0,0.0
2021-06-10 16:00:00,0.0,0.0,0.0,0.0
2021-06-10 17:00:00,0.0,0.0,0.0,0.0
2021-06-10 18:00:00,0.0,0.0,0.0,0.0
2021-06-10 19:00:00,0.0,0.0,0.0,0.0
2021-06-10 20:00:00,0.0,0.0,0.0,0.0
2021-06-10 21:00:00,0.0,0.0,0.0,0.0
2021-06-10 22:00:00,0.0,0.0,0.0,0.0
2021-06-10 23:00:00,0.0,0.0,0.0,0.0
2021-06-10 24:00:00,0.0,0.0,0.0,0.0
2021-06-11 01:00:00,0.0,0.0,0.0,0.0
2021-06-11 02:00:00,0.0,0.0,0.0,0.0
2021-06-11 03:00:00,0.0,0.0,0.0,0.0
2021-06-11 04:00:00,0.0,0.0,0.0,0.0
2021-06-11 05:00:00,0.0,0.0,0.0,0.0
2021-06-11 06:00:00,0.0,0.0,0.0,0.0
2021-06-11 07:00:00,0.0,0.0,0.0,0.0
2021-06-11 08:00:00,0.0,0.0,0.0,0.0
2021-06-11 09:00:00,0.0,0.0,0.0,0.0
2021-06-11 10:00:00,0.0,0.0,0.0,0.0
2021-06-11 11:00:00,0.0,0.0,0.0,0.0
2021-06-11 12:00:00,0.0,0.0,0.0,0.0
2021-06-11 13:00:00,0.0,0.0,0.0,0.0
2021-06-11 14:00:00,0.0,0.0,0.0,0.0
2021-06-11 15:00:00,0.0,0.0,0.0,0.0
2021-06-11 16:00:00,0.0,0.0,0.0,0.0
2021-06-11 17:00:00,0.0,0.0,0.0,0.0
2021-06-11 18:00:00,0.0,0.0,0.0,0.0
2021-06-11 19:00:00,0.0,0.0,0.0,0.0
2021-06-11 20:00:00,0.0,0.0,0.0,0.0
2021-06-11 21:00:00,0.0,0.0,0.0,0.0
2021-06-11 22:00:00,0.0,0.0,0.0,0.0
2021-06-11 23:00:00,0.0,0.0,0.0,0.0
2021-06-11 24:00:00,0.0,0.0,0.0,0.0
2021-06-12 01:00:00,0.0,0.0,0.0,0.0
2021-06-12 02:00:00,0.0,0.0,0.0,0.0
2021-06-12 03:00:00,0.0,0.0,0.0,0.0
2021-06-12 04:00:00,0.0,0.0,0.0,0.0
2021-06-12 05:00:00,0.0,0.0,0.0,0.0
2021-06-12 06:00:00,0.0,0.0,0.0,0.0
2021-06-12 07:00:00,0.0,0.0,0.0,0.0
2021-06-12 08:00:00,0.0,0.0,0.0,0.0
2021-06-12 09:00:00,0.0,0.0,0.0,0.0
2021-06-12 10:00:00,0.0,0.0,0.0,0.0
2021-06-12 11:00:00,0.0,0.0,0.0,0.0
2021-06-12 12:00:00,0.0,0.0,0.0,0.0
2021-06-12 13:00:00,0.0,0.0,0.0,0.0
2021-06-12 14:00:00,0.0,0.0,0.0,0.0
2021-06-12 15:00:00,0.0,0.0,0.0,0.0
2021-06-12 16:00:00,0.0,0.0,0.0,0.0
2021-06-12 17:00:00,0.0,0.0,0.0,0.0
2021-06-12 18:00:00,0.0,0.0,0.0,0.0
2021-06-12 19:00:00,0.0,0.0,0.0,0.0
2021-06-12 20:00:00,0.0,0.0,0.0,0.0
2021-06-12 21:00:00,0.0,0.0,0.0,0.0
2021-06-12 22:00:00,0.0,0.0,0.0,0.0
2021-06-12 23:00:00,0.0,0.0,0.0,0.0
2021-06-12 24:00:00,0.0,0.0,0.0,0.0
2021-06-13 01:00:00,0.0,0.0,0.0,0.0
2021-06-13 02:00:00,0.0,0.0,0.0,0.0
2021-06-13 03:00:00,0.0,0.0,0.0,0.0
2021-06-13 04:00:00,0.0,0.0,0.0,0.0
2021-06-13 05:00:00,0.0,0.0,0.0,0.0
2021-06-13 06:00:00,0.0,0.0,0.0,0.0
2021-06-13 07:00:00,0.0,0.0,0.0,0.0
2021-06-13 08:00:00,0.0,0.0,0.0,0.0
2021-06-13 09:00:00,0.0,0.0,0.0,0.0
2021-06-13 10:00:00,0.0,0.0,0.0,0.0
2021-06-13 11:00:00,0.0,0.0,0.0,0.0
2021-06-13 12:00:00,0.0,0.0,0.0,0.0
2021-06-13 13:00:00,0.0,0.0,0.0,0.0
2021-06-13 14:00:00,0.0,0.0,0.0,0.0
2021-06-13 15:00:00,0.0,0.0,0.0,0.0
2021-06-13 16:00:00,0.0,0.0,0.0,0.0
2021-06-13 17:00:00,0.0,0.0,0.0,0.0
2021-06-13 18:00:00,0.0,0.0,0.0,0.0
2021-06-13 19:00:00,0.0,0.0,0.0,0.0
2021-06-13 20:00:00,0.0,0.0,0.0,0.0
2021-06-13 21:00:00,0.0,0.0,0.0,0.0
2021-06-13 22:00:00,0.0,0.0,0.0,0.0
2021-06-13 23:00:00,0.0,0.0,0.0,0.0
2021-06-13 24:00:00,0.0,0.0,0.0,0.0
2021-06-14 01:00:00,0.0,0.0,0.0,0.0
2021-06-14 02:00:00,0.0,0.0,0.0,0.0
2021-06-14 03:00:00,0.0,0.0,0.0,0.0
2021-06-14 04:00:00,0.0,0.0,0.0,0.0
2021-06-14 05:00:00,0.0,0.0,0.0,0.0
2021-06-14 06:00:00,0.0,0.0,0.0,0.0
2021-06-14 07:00:00,0.0,0.0,0.0,0.0
2021-06-14 08:00:00,0.0,0.0,0.0,0.0
2021-06-14 09:00:00,0.0,0.0,0.0,0.0
2021-06-14 10:00:00,0.0,0.0,0.0,0.0
2021-06-14 11:00:00,0.0,0.0,0.0,0.0
2021-06-14 12:00:00,0.0,0.0,0.0,0.0
2021-06-14 13:00:00,0.0,0.0,0.0,0.0
2021-06-14 14:00:00,0.0,0.0,0.0,0.0
2021-06-14 15:00:00,0.0,0.0,0.0,0.0
2021-06-14 16:00:00,0.0,0.0,0.0,0.0
2021-06-14 17:00:00,0.0,0.0,0.0,0.0
2021-06-14 18:00:00,0.0,0.0,0.0,0.0
2021-06-14 19:00:00,0.0,0.0,0.0,0.0
2021-06-14 20:00:00,0.0,0.0,0.0,0.0
2021-06-14 21:00:00,0.0,0.0,0.0,0.0
2021-06-14 22:00:00,0.0,0.0,0.0,0.0
2021-06-14 23:00:00,0.0,0.0,0.0,0.0
2021-06-14 24:00:00,0.0,0.0,0.0,0.0
2021-06-15 01:00:00,0.0,0.0,0.0,0.0
2021-06-15 02:00:00,0.0,0.0,0.0,0.0
2021-06-15 03:00:00,0.0,0.0,0.0,0.0
2021-06-15 04:00:00,0.0,0.0,0.0,0.0
2021-06-15 05:00:00,0.0,0.0,0.0,0.0
2021-06-15 06:00:00,0.0,0.0,0.0,0.0
2021-06-15 07:00:00,0.0,0.0,0.0,0.0
2021-06-15 08:00:00,0.0,0.0,0.0,0.0
2021-06-15 09:00:00,0.0,0.0,0.0,0.0
2021-06-15 10:00:00,0.0,0.0,0.0,0.0
2021-06-15 11:00:00,0.0,0.0,0.0,0.0
2021-06-15 12:00:00,0.0,0.0,0.0,0.0
2021-06-15 13:00:00,0.0,0.0,0.0,0.0
2021-06-15 14:00:00,0.0,0.0,0.0,0.0
2021-06-15 15:00:00,0.0,0.0,0.0,0.0
2021-06-15 16:00:00,0.0,0.0,0.0,0.0
2021-06-15 17:00:00,0.0,0.0,0.0,0.0
2021-06-15 18:00:00,0.0,0.0,0.0,0.0
2021-06-15 19:00:00,0.0,0.0,0.0,0.0
2021-06-15 20:00:00,0.0,0.0,0.0,0.0
2021-06-15 21:00:00,0.0,0.0,0.0,0.0
2021-06-15 22:00:00,0.0,0.0,0.0,0.0
2021-06-15 23:00:00,0.0,0.0,0.0,0.0
2021-06-15 24:00:00,0.0,0.0,0.0,0.0
2021-06-16 01:00:00,0.0,0.0,0.0,0.0
2021-06-16 02:00:00,0.0,0.0,0.0,0.0
2021-06-16 03:00:00,0.0,0.0,0.0,0.0
2021-06-16 04:00:00,0.0,0.0,0.0,0.0
2021-06-16 05:00:00,0.0,0.0,0.0,0.0
2021-06-16 06:00:00,0.0,0.0,0.0,0.0
2021-06-16 07:00:00,0.0,0.0,0.0,0.0
2021-06-16 08:00:00,0.0,0.0,0.0,0.0
2021-06-16 09:00:00,0.0,0.0,0.0,0.0
2021-06-16 10:00:00,0.0,0.0,0.0,0.0
2021-06-16 11:00:00,0.0,0.0,0.0,0.0
2021-06-16 12:00:00,0.0,0.0,0.0,0.0
2021-06-16 13:00:00,0.0,0.0,0.0,0.0
2021-06-16 14:00:00,0.0,0.0,0.0,0.0
2021-06-16 15:00:00,0.0,0.0,0.0,0.0
2021-06-16 16:00:00,0.0,0.0,0.0,0.0
2021-06-16 17:00:00,0.0,0.0,0.0,0.0
2021-06-16 18:00:00,0.0,0.0,0.0,0.0
2021-06-16 19:00:00,0.0,0.0,0.0,0.0
2021-06-16 20:00:00,0.0,0.0,0.0,0.0
2021-06-16 21:00:00,0.0,0.0,0.0,0.0
2021-06-16 22:00:00,0.0,0.0,0.0,0.0
2021-06-16 23:00:00,0.0,0.0,0.0,0.0
2021-06-16 24:00:00,0.0,0.0,0.0,0.0
2021-06-17 01:00:00,0.0,0.0,0.0,0.0
2021-06-17 02:00:00,0.0,0.0,0.0,0.0
2021-06-17 03:00:00,0.0,0.0,0.0,0.0
2021-06-17 04:00:00,0.0,0.0,0.0,0.0
2021-06-17 05:00:00,0.0,0.0,0.0,0.0
2021-06-17 06:00:00,0.0,0.0,0.0,0.0
2021-06-17 07:00:00,0.0,0.0,0.0,0.0
2021-06-17 08:00:00,0.0,0.0,0.0,0.0
2021-06-17 09:00:00,0.0,0.0,0.0,0.0
2021-06-17 10:00:00,0.0,0.0,0.0,0.0
2021-06-17 11:00:00,0.0,0.0,0.0,0.0
2021-06-17 12:00:00,0.0,0.0,0.0,0.0
2021-06-17 13:00:00,0.0,0.0,0.0,0.0
2021-06-17 14:00:00,0.0,0.0,0.0,0.0
2021-06-17 15:00:00,0.0,0.0,0.0,0.0
2021-06-17 16:00:00,0.0,0.0,0.0,0.0
2021-06-17 17:00:00,0.0,0.0,0.0,0.0
2021-06-17 18:00:00,0.0,0.0,0.0,0.0
2021-06-17 19:00:00,0.0,0.0,0.0,0.0
2021-06-17 20:00:00,0.0,0.0,0.0,0.0
2021-06-17 21:00:00,0.0,0.0,0.0,0.0
2021-06-17 22:00:00,0.0,0.0,0.0,0.0
2021-06-17 23:00:00,0.0,0.0,0.0,0.0
2021-06-17 24:00:00,0.0,0.0,0.0,0.0
2021-06-18 01:00:00,0.0,0.0,0.0,0.0
2021-06-18 02:00:00,0.0,0.0,0.0,0.0
2021-06-18 03:00:00,0.0,0.0,0.0,0.0
2021-06-18 04:00:00,0.0,0.0,0.0,0.0
2021-06-18 05:00:00,0.0,0.0,0.0,0.0
2021-06-18 06:00:00,0.0,0.0,0.0,0.0
2021-06-18 07:00:00,0.0,0.0,0.0,0.0
2021-06-18 08:00:00,0.0,0.0,0.0,0.0
2021-06-18 09:00:00,0.0,0.0,0.0,0.0
2021-06-18 10:00:00,0.0,0.0,0.0,0.0
2021-06-18 11:00:00,0.0,0.0,0.0,0.0
2021-06-18 12:00:00,0.0,0.0,0.0,0.0
2021-06-18 13:00:00,0.0,0.0,0.0,0.0
2021-06-18 14:00:00,0.0,0.0,0.0,0.0
2021-06-18 15:00:00,0.0,0.0,0.0,0.0
2021-06-18 16:00:00,0.0,0.0,0.0,0.0
2021-06-18 17:00:00,0.0,0.0,0.0,0.0
2021-06-18 18:00:00,0.0,0.0,0.0,0.0
2021-06-18 19:00:00,0.0,0.0,0.0,0.0
2021-06-18 20:00:00,0.0,0.0,0.0,0.0
2021-06-18 21:00:00,0.0,0.0,0.0,0.0
2021-06-18 22:00:00,0.0,0.0,0.0,0.0
2021-06-18 23:00:00,0.0,0.0,0.0,0.0
2021-06-18 24:00:00,0.0,0.0,0.0,0.0
2021-06-19 01:00:00,0.0,0.0,0.0,0.0
2021-06-19 02:00:00,0.0,0.0,0.0,0.0
2021-06-19 03:00:00,0.0,0.0,0.0,0.0
2021-06-19 04:00:00,0.0,0.0,0.0,0.0
2021-06-19 05:00:00,0.0,0.0,0.0,0.0
2021-06-19 06:00:00,0.0,0.0,0.0,0.0
2021-06-19 07:00:00,0.0,0.0,0.0,0.0
2021-06-19 08:00:00,0.0,0.0,0.0,0.0
2021-06-19 09:00:00,0.0,0.0,0.0,0.0
2021-06-19 10:00:00,0.0,0.0,0.0,0.0
2021-06-19 11:00:00,0.0,0.0,0.0,0.0
2021-06-19 12:00:00,0.0,0.0,0.0,0.0
2021-06-19 13:00:00,0.0,0.0,0.0,0.0
2021-06-19 14:00:00,0.0,0.0,0.0,0.0
2021-06-19 15:00:00,0.0,0.0,0.0,0.0
2021-06-19 16:00:00,0.0,0.0,0.0,0.0
2021-06-19 17:00:00,0.0,0.0,0.0,0.0
2021-06-19 18:00:00,0.0,0.0,0.0,0.0
2021-06-19 19:00:00,0.0,0.0,0.0,0.0
2021-06-19 20:00:00,0.0,0.0,0.0,0.0
2021-06-19 21:00:00,0.0,0.0,0.0,0.0
2021-06-19 22:00:00,0.0,0.0,0.0,0.0
2021-06-19 23:00:00,0.0,0.0,0.0,0.0
2021-06-19 24:00:00,0.0,0.0,0.0,0.0
2021-06-20 01:00:00,0.0,0.0,0.0,0.0
2021-06-20 02:00:00,0.0,0.0,0.0,0.0
2021-06-20 03:00:00,0.0,0.0,0.0,0.0
2021-06-20 04:00:00,0.0,0.0,0.0,0.0
2021-06-20 05:00:00,0.0,0.0,0.0,0.0
2021-06-20 06:00:00,0.0,0.0,0.0,0.0
2021-06-20 07:00:00,0.0,0.0,0.0,0.0
2021-06-20 08:00:00,0.0,0.0,0.0,0.0
2021-06-20 09:00:00,0.0,0.0,0.0,0.0
2021-06-20 10:00:00,0.0,0.0,0.0,0.0
2021-06-20 11:00:00,0.0,0.0,0.0,0.0
2021-06-20 12:00:00,0.0,0.0,0.0,0.0
2021-06-20 13:00:00,0.0,0.0,0.0,0.0
2021-06-20 14:00:00,0.0,0.0,0.0,0.0
2021-06-20 15:00:00,0.0,0.0,0.0,0.0
2021-06-20 16:00:00,0.0,0.0,0.0,0.0
2021-06-20 17:00:00,0.0,0.0,0.0,0.0
2021-06-20 18:00:00,0.0,0.0,0.0,0.0
2021-06-20 19:00:00,0.0,0.0,0.0,0.0
2021-06-20 20:00:00,0.0,0.0,0.0,0.0
2021-06-20 21:00:00,0.0,0.0,0.0,0.0
2021-06-20 22:00:00,0.0,0.0,0.0,0.0
2021-06-20 23:00:00,0.0,0.0,0.0,0.0
2021-06-20 24:00:00,0.0,0.0,0.0,0.0
2021-06-21 01:00:00,0.0,0.0,0.0,0.0
2021-06-21 02:00:00,0.0,0.0,0.0,0.0
2021-06-21 03:00:00,0.0,0.0,0.0,0.0
2021-06-21 04:00:00,0.0,0.0,0.0,0.0
2021-06-21 05:00:00,0.0,0.0,0.0,0.0
2021-06-21 06:00:00,0.0,0.0,0.0,0.0
2021-06-21 07:00:00,0.0,0.0,0.0,0.0
2021-06-21 08:00:00,0.0,0.0,0.0,0.0
2021-06-21 09:00:00,0.0,0.0,0.0,0.0
2021-06-21 10:00:00,0.0,0.0,0.0,0.0
2021-06-21 11:00:00,0.0,0.0,0.0,0.0
2021-06-21 12:00:00,0.0,0.0,0.0,0.0
2021-06-21 13:00:00,0.0,0.0,0.0,0.0
2021-06-21 14:00:00,0.0,0.0,0.0,0.0
2021-06-21 15:00:00,0.0,0.0,0.0,0.0
2021-06-21 16:00:00,0.0,0.0,0.0,0.0
2021-06-21 17:00:00,0.0,0.0,0.0,0.0
2021-06-21 18:00:00,0.0,0.0,0.0,0.0
2021-06-21 19:00:00,0.0,0.0,0.0,0.0
2021-06-21 20:00:00,0.0,0.0,0.0,0.0
2021-06-21 21:00:00,0.0,0.0,0.0,0.0
2021-06-21 22:00:00,0.0,0.0,0.0,0.0
2021-06-21 23:00:00,0.0,0.0,0.0,0.0
2021-06-21 24:00:00,0.0,0.0,0.0,0.0
2021-06-22 01:00:00,0.0,0.0,0.0,0.0
2021-06-22 02:00:00,0.0,0.0,0.0,0.0
2021-06-22 03:00:00,0.0,0.0,0.0,0.0
2021-06-22 04:00:00,0.0,0.0,0.0,0.0
2021-06-22 05:00:00,0.0,0.0,0.0,0.0
2021-06-22 06:00:00,0.0,0.0,0.0,0.0
2021-06-22 07:00:00,0.0,0.0,0.0,0.0
2021-06-22 08:00:00,0.0,0.0,0.0,0.0
2021-06-22 09:00:00,0.0,0.0,0.0,0.0
2021-06-22 10:00:00,0.0,0.0,0.0,0.0
2021-06-22 11:00:00,0.0,0.0,0.0,0.0
2021-06-22 12:00:00,0.0,0.0,0.0,0.0
2021-06-22 13:00:00,0.0,0.0,0.0,0.0
2021-06-22 14:00:00,0.0,0.0,0.0,0.0
2021-06-22 15:00:00,0.0,0.0,0.0,0.0
2021-06-22 16:00:00,0.0,0.0,0.0,0.0
2021-06-22 17:00:00,0.0,0.0,0.0,0.0
2021-06-22 18:00:00,0.0,0.0,0.0,0.0
2021-06-22 19:00:00,0.0,0.0,0.0,0.0
2021-06-22 20:00:00,0.0,0.0,0.0,0.0
2021-06-22 21:00:00,0.0,0.0,0.0,0.0
2021-06-22 22:00:00,0.0,0.0,0.0,0.0
2021-06-22 23:00:00,0.0,0.0,0.0,0.0
2021-06-22 24:00:00,0.0,0.0,0.0,0.0
2021-06-23 01:00:00,0.0,0.0,0.0,0.0
2021-06-23 02:00:00,0.0,0.0,0.0,0.0
2021-06-23 03:00:00,0.0,0.0,0.0,0.0
2021-06-23 04:00:00,0.0,0.0,0.0,0.0
2021-06-23 05:00:00,0.0,0.0,0.0,0.0
2021-06-23 06:00:00,0.0,0.0,0.0,0.0
2021-06-23 07:00:00,0.0,0.0,0.0,0.0
2021-06-23 08:00:00,0.0,0.0,0.0,0.0
2021-06-23 09:00:00,0.0,0.0,0.0,0.0
2021-06-23 10:00:00,0.0,0.0,0.0,0.0
2021-06-23 11:00:00,0.0,0.0,0.0,0.0
2021-06-23 12:00:00,0.0,0.0,0.0,0.0
2021-06-23 13:00:00,0.0,0.0,0.0,0.0
2021-06-23 14:00:00,0.0,0.0,0.0,0.0
2021-06-23 15:00:00,0.0,0.0,0.0,0.0
2021-06-23 16:00:00,0.0,0.0,0.0,0.0
2021-06-23 17:00:00,0.0,0.0,0.0,0.0
2021-06-23 18:00:00,0.0,0.0,0.0,0.0
2021-06-23 19:00:00,0.0,0.0,0.0,0.0
2021-06-23 20:00:00,0.0,0.0,0.0,0.0
2021-06-23 21:00:00,0.0,0.0,0.0,0.0
2021-06-23 22:00:00,0.0,0.0,0.0,0.0
2021-06-23 23:00:00,0.0,0.0,0.0,0.0
2021-06-23 24:00:00,0.0,0.0,0.0,0.0
2021-06-24 01:00:00,0.0,0.0,0.0,0.0
2021-06-24 02:00:00,0.0,0.0,0.0,0.0
2021-06-24 03:00:00,0.0,0.0,0.0,0.0
2021-06-24 04:00:00,0.0,0.0,0.0,0.0
2021-06-24 05:00:00,0.0,0.0,0.0,0.0
2021-06-24 06:00:00,0.0,0.0,0.0,0.0
2021-06-24 07:00:00,0.0,0.0,0.0,0.0
2021-06-24 08:00:00,0.0,0.0,0.0,0.0
2021-06-24 09:00:00,0.0,0.0,0.0,0.0
2021-06-24 10:00:00,0.0,0.0,0.0,0.0
2021-06-24 11:00:00,0.0,0.0,0.0,0.0
2021-06-24 12:00:00,0.0,0.0,0.0,0.0
2021-06-24 13:00:00,0.0,0.0,0.0,0.0
2021-06-24 14:00:00,0.0,0.0,0.0,0.0
2021-06-24 15:00:00,0.0,0.0,0.0,0.0
2021-06-24 16:00:00,0.0,0.0,0.0,0.0
2021-06-24 17:00:00,0.0,0.0,0.0,0.0
2021-06-24 18:00:00,0.0,0.0,0.0,0.0
2021-06-24 19:00:00,0.0,0.0,0.0,0.0
2021-06-24 20:00:00,0.0,0.0,0.0,0.0
2021-06-24 21:00:00,0.0,0.0,0.0,0.0
2021-06-24 22:00:00,0.0,0.0,0.0,0.0
2021-06-24 23:00:00,0.0,0.0,0.0,0.0
2021-06-24 24:00:00,0.0,0.0,0.0,0.0
2021-06-25 01:00:00,0.0,0.0,0.0,0.0
2021-06-25 02:00:00,0.0,0.0,0.0,0.0
2021-06-25 03:00:00,0.0,0.0,0.0,0.0
2021-06-25 04:00:00,0.0,0.0,0.0,0.0
2021-06-25 05:00:00,0.0,0.0,0.0,0.0
2021-06-25 06:00:00,0.0,0.0,0.0,0.0
2021-06-25 07:00:00,0.0,0.0,0.0,0.0
2021-06-25 08:00:00,0.0,0.0,0.0,0.0
2021-06-25 09:00:00,0.0,0.0,0.0,0.0
2021-06-25 10:00:00,0.0,0.0,0.0,0.0
2021-06-25 11:00:00,0.0,0.0,0.0,0.0
2021-06-25 12:00:00,0.0,0.0,0.0,0.0
2021-06-25 13:00:00,0.0,0.0,0.0,0.0
2021-06-25 14:00:00,0.0,0.0,0.0,0.0
2021-06-25 15:00:00,0.0,0.0,0.0,0.0
2021-06-25 16:00:00,0.0,0.0,0.0,0.0
2021-06-25 17:00:00,0.0,0.0,0.0,0.0
2021-06-25 18:00:00,0.0,0.0,0.0,0.0
2021-06-25 19:00:00,0.0,0.0,0.0,0.0
2021-06-25 20:00:00,0.0,0.0,0.0,0.0
2021-06-25 21:00:00,0.0,0.0,0.0,0.0
2021-06-25 22:00:00,0.0,0.0,0.0,0.0
2021-06-25 23:00:00,0.0,0.0,0.0,0.0
2021-06-25 24:00:00,0.0,0.0,0.0,0.0
2021-06-26 01:00:00,0.0,0.0,0.0,0.0
2021-06-26 02:00:00,0.0,0.0,0.0,0.0
2021-06-26 03:00:00,0.0,0.0,0.0,0.0
2021-06-26 04:00:00,0.0,0.0,0.0,0.0
2021-06-26 05:00:00,0.0,0.0,0.0,0.0
2021-06-26 06:00:00,0.0,0.0,0.0,0.0
2021-06-26 07:00:00,0.0,0.0,0.0,0.0
2021-06-26 08:00:00,0.0,0.0,0.0,0.0
2021-06-26 09:00:00,0.0,0.0,0.0,0.0
2021-06-26 10:00:00,0.0,0.0,0.0,0.0
2021-06-26 11:00:00,0.0,0.0,0.0,0.0
2021-06-26 12:00:00,0.0,0.0,0.0,0.0
2021-06-26 13:00:00,0.0,0.0,0.0,0.0
2021-06-26 14:00:00,0.0,0.0,0.0,0.0
2021-06-26 15:00:00,0.0,0.0,0.0,0.0
2021-06-26 16:00:00,0.0,0.0,0.0,0.0
2021-06-26 17:00:00,0.0,0.0,0.0,0.0
2021-06-26 18:00:00,0.0,0.0,0.0,0.0
2021-06-26 19:00:00,0.0,0.0,0.0,0.0
2021-06-26 20:00:00,0.0,0.0,0.0,0.0
2021-06-26 21:00:00,0.0,0.0,0.0,0.0
2021-06-26 22:00:00,0.0,0.0,0.0,0.0
2021-06-26 23:00:00,0.0,0.0,0.0,0.0
2021-06-26 24:00:00,0.0,0.0,0.0,0.0
2021-06-27 01:00:00,0.0,0.0,0.0,0.0
2021-06-27 02:00:00,0.0,0.0,0.0,0.0
2021-06-27 03:00:00,0.0,0.0,0.0,0.0
2021-06-27 04:00:00,0.0,0.0,0.0,0.0
2021-06-27 05:00:00,0.0,0.0,0.0,0.0
2021-06-27 06:00:00,0.0,0.0,0.0,0.0
2021-06-27 07:00:00,0.0,0.0,0.0,0.0
2021-06-27 08:00:00,0.0,0.0,0.0,0.0
2021-06-27 09:00:00,0.0,0.0,0.0,0.0
2021-06-27 10:00:00,0.0,0.0,0.0,0.0
2021-06-27 11:00:00,0.0,0.0,0.0,0.0
2021-06-27 12:00:00,0.0,0.0,0.0,0.0
2021-06-27 13:00:00,0.0,0.0,0.0,0.0
2021-06-27 14:00:00,0.0,0.0,0.0,0.0
2021-06-27 15:00:00,0.0,0.0,0.0,0.0
2021-06-27 16:00:00,0.0,0.0,0.0,0.0
2021-06-27 17:00:00,0.0,0.0,0.0,0.0
2021-06-27 18:00:00,0.0,0.0,0.0,0.0
2021-06-27 19:00:00,0.0,0.0,0.0,0.0
2021-06-27 20:00:00,0.0,0.0,0.0,0.0
2021-06-27 21:00:00,0.0,0.0,0.0,0.0
2021-06-27 22:00:00,0.0,0.0,0.0,0.0
2021-06-27 23:00:00,0.0,0.0,0.0,0.0
2021-06-27 24:00:00,0.0,0.0,0.0,0.0
2021-06-28 01:00:00,0.0,0.0,0.0,0.0
2021-06-28 02:00:00,0.0,0.0,0.0,0.0
2021-06-28 03:00:00,0.0,0.0,0.0,0.0
2021-06-28 04:00:00,0.0,0.0,0.0,0.0
2021-06-28 05:00:00,0.0,0.0,0.0,0.0
2021-06-28 06:00:00,0.0,0.0,0.0,0.0
2021-06-28 07:00:00,0.0,0.0,0.0,0.0
2021-06-28 08:00:00,0.0,0.0,0.0,0.0
2021-06-28 09:00:00,0.0,0.0,0.0,0.0
2021-06-28 10:00:00,0.0,0.0,0.0,0.0
2021-06-28 11:00:00,0.0,0.0,0.0,0.0
2021-06-28 12:00:00,0.0,0.0,0.0,0.0
2021-06-28 13:00:00,0.0,0.0,0.0,0.0
2021-06-28 14:00:00,0.0,0.0,0.0,0.0
2021-06-28 15:00:00,0.0,0.0,0.0,0.0
2021-06-28 16:00:00,0.0,0.0,0.0,0.0
2021-06-28 17:00:00,0.0,0.0,0.0,0.0
2021-06-28 18:00:00,0.0,0.0,0.0,0.0
2021-06-28 19:00:00,0.0,0.0,0.0,0.0
2021-06-28 20:00:00,0.0,0.0,0.0,0.0
2021-06-28 21:00:00,0.0,0.0,0.0,0.0
2021-06-28 22:00:00,0.0,0.0,0.0,0.0
2021-06-28 23:00:00,0.0,0.0,0.0,0.0
2021-06-28 24:00:00,0.0,0.0,0.0,0.0
2021-06-29 01:00:00,0.0,0.0,0.0,0.0
2021-06-29 02:00:00,0.0,0.0,0.0,0.0
2021-06-29 03:00:00,0.0,0.0,0.0,0.0
2021-06-29 04:00:00,0.0,0.0,0.0,0.0
2021-06-29 05:00:00,0.0,0.0,0.0,0.0
2021-06-29 06:00:00,0.0,0.0,0.0,0.0
2021-06-29 07:00:00,0.0,0.0,0.0,0.0
2021-06-29 08:00:00,0.0,0.0,0.0,0.0
2021-06-29 09:00:00,0.0,0.0,0.0,0.0
2021-06-29 10:00:00,0.0,0.0,0.0,0.0
2021-06-29 11:00:00,0.0,0.0,0.0,0.0
2021-06-29 12:00:00,0.0,0.0,0.0,0.0
2021-06-29 13:00:00,0.0,0.0,0.0,0.0
2021-06-29 14:00:00,0.0,0.0,0.0,0.0
2021-06-29 15:00:00,0.0,0.0,0.0,0.0
2021-06-29 16:00:00,0.0,0.0,0.0,0.0
2021-06-29 17:00:00,0.0,0.0,0.0,0.0
2021-06-29 18:00:00,0.0,0.0,0.0,0.0
2021-06-29 19:00:00,0.0,0.0,0.0,0.0
2021-06-29 20:00:00,0.0,0.0,0.0,0.0
2021-06-29 21:00:00,0.0,0.0,0.0,0.0
2021-06-29 22:00:00,0.0,0.0,0.0,0.0
2021-06-29 23:00:00,0.0,0.0,0.0,0.0
2021-06-29 24:00:00,0.0,0.0,0.0,0.0
2021-06-30 01:00:00,0.0,0.0,0.0,0.0
2021-06-30 02:00:00,0.0,0.0,0.0,0.0
2021-06-30 03:00:00,0.0,0.0,0.0,0.0
2021-06-30 04:00:00,0.0,0.0,0.0,0.0
2021-06-30 05:00:00,0.0,0.0,0.0,0.0
2021-06-30 06:00:00,0.0,0.0,0.0,0.0
2021-06-30 07:00:00,0.0,0.0,0.0,0.0
2021-06-30 08:00:00,0.0,0.0,0.0,0.0
2021-06-30 09:00:00,0.0,0.0,0.0,0.0
2021-06-30 10:00:00,0.0,0.0,0.0,0.0
2021-06-30 11:00:00,0.0,0.0,0.0,0.0
2021-06-30 12:00:00,0.0,0.0,0.0,0.0
2021-06-30 13:00:00,0.0,0.0,0.0,0.0
2021-06-30 14:00:00,0.0,0.0,0.0,0.0
2021-06-30 15:00:00,0.0,0.0,0.0,0.0
2021-06-30 16:00:00,0.0,0.0,0.0,0.0
2021-06-30 17:00:00,0.0,0.0,0.0,0.0
2021-06-30 18:00:00,0.0,0.0,0.0,0.0
2021-06-30 19:00:00,0.0,0.0,0.0,0.0
2021-06-30 20:00:00,0.0,0.0,0.0,0.0
2021-06-30 21:00:00,0.0,0.0,0.0,0.0
2021-06-30 22:00:00,0.0,0.0,0.0,0.0
2021-06-30 23:00:00,0.0,0.0,0.0,0.0
2021-06-30 24:00:00,0.0,0.0,0.0,0.0
2021-07-01 01:00:00,0.0,0.0,0.0,0.0
2021-07-01 02:00:00,0.0,0.0,0.0,0.0
2021-07-01 03:00:00,0.0,0.0,0.0,0.0
2021-07-01 04:00:00,0.0,0.0,0.0,0.0
2021-07-01 05:00:00,0.0,0.0,0.0,0.0
2021-07-01 06:00:00,0.0,0.0,0.0,0.0
2021-07-01 07:00:00,0.0,0.0,0.0,0.0
2021-07-01 08:00:00,0.0,0.0,0.0,0.0
2021-07-01 09:00:00,0.0,0.0,0.0,0.0
2021-07-01 10:00:00,0.0,0.0,0.0,0.0
2021-07-01 11:00:00,0.0,0.0,0.0,0.0
2021-07-01 12:00:00,0.0,0.0,0.0,0.0
2021-07-01 13:00:00,0.0,0.0,0.0,0.0
2021-07-01 14:00:00,0.0,0.0,0.0,0.0
2021-07-01 15:00:00,0.0,0.0,0.0,0.0
2021-07-01 16:00:00,0.0,0.0,0.0,0.0
2021-07-01 17:00:00,0.0,0.0,0.0,0.0
2021-07-01 18:00:00,0.0,0.0,0.0,0.0
2021-07-01 19:00:00,0.0,0.0,0.0,0.0
2021-07-01 20:00:00,0.0,0.0,0.0,0.0
2021-07-01 21:00:00,0.0,0.0,0.0,0.0
2021-07-01 22:00:00,0.0,0.0,0.0,0.0
2021-07-01 23:00:00,0.0,0.0,0.0,0.0
2021-07-01 24:00:00,0.0,0.0,0.0,0.0
2021-07-02 01:00:00,0.0,0.0,0.0,0.0
2021-07-02 02:00:00,0.0,0.0,0.0,0.0
2021-07-02 03:00:00,0.0,0.0,0.0,0.0
2021-07-02 04:00:00,0.0,0.0,0.0,0.0
2021-07-02 05:00:00,0.0,0.0,0.0,0.0
2021-07-02 06:00:00,0.0,0.0,0.0,0.0
2021-07-02 07:00:00,0.0,0.0,0.0,0.0
2021-07-02 08:00:00,0.0,0.0,0.0,0.0
2021-07-02 09:00:00,0.0,0.0,0.0,0.0
2021-07-02 10:00:00,0.0,0.0,0.0,0.0
2021-07-02 11:00:00,0.0,0.0,0.0,0.0
2021-07-02 12:00:00,0.0,0.0,0.0,0.0
2021-07-02 13:00:00,0.0,0.0,0.0,0.0
2021-07-02 14:00:00,0.0,0.0,0.0,0.0
2021-07-02 15:00:00,0.0,0.0,0.0,0.0
2021-07-02 16:00:00,0.0,0.0,0.0,0.0
2021-07-02 17:00:00,0.0,0.0,0.0,0.0
2021-07-02 18:00:00,0.0,0.0,0.0,0.0
2021-07-02 19:00:00,0.0,0.0,0.0,0.0
2021-07-02 20:00:00,0.0,0.0,0.0,0.0
2021-07-02 21:00:00,0.0,0.0,0.0,0.0
2021-07-02 22:00:00,0.0,0.0,0.0,0.0
2021-07-02 23:00:00,0.0,0.0,0.0,0.0
2021-07-02 24:00:00,0.0,0.0,0.0,0.0
2021-07-03 01:00:00,0.0,0.0,0.0,0.0
2021-07-03 02:00:00,0.0,0.0,0.0,0.0
2021-07-03 03:00:00,0.0,0.0,0.0,0.0
2021-07-03 04:00:00,0.0,0.0,0.0,0.0
2021-07-03 05:00:00,0.0,0.0,0.0,0.0
2021-07-03 06:00:00,0.0,0.0,0.0,0.0
2021-07-03 07:00:00,0.0,0.0,0.0,0.0
2021-07-03 08:00:00,0.0,0.0,0.0,0.0
2021-07-03 09:00:00,0.0,0.0,0.0,0.0
2021-07-03 10:00:00,0.0,0.0,0.0,0.0
2021-07-03 11:00:00,0.0,0.0,0.0,0.0
2021-07-03 12:00:00,0.0,0.0,0.0,0.0
2021-07-03 13:00:00,0.0,0.0,0.0,0.0
2021-07-03 14:00:00,0.0,0.0,0.0,0.0
2021-07-03 15:00:00,0.0,0.0,0.0,0.0
2021-07-03 16:00:00,0.0,0.0,0.0,0.0
2021-07-03 17:00:00,0.0,0.0,0.0,0.0
2021-07-03 18:00:00,0.0,0.0,0.0,0.0
2021-07-03 19:00:00,0.0,0.0,0.0,0.0
2021-07-03 20:00:00,0.0,0.0,0.0,0.0
2021-07-03 21:00:00,0.0,0.0,0.0,0.0
2021-07-03 22:00:00,0.0,0.0,0.0,0.0
2021-07-03 23:00:00,0.0,0.0,0.0,0.0
2021-07-03 24:00:00,0.0,0.0,0.0,0.0
2021-07-04 01:00:00,0.0,0.0,0.0,0.0
2021-07-04 02:00:00,0.0,0.0,0.0,0.0
2021-07-04 03:00:00,0.0,0.0,0.0,0.0
2021-07-04 04:00:00,0.0,0.0,0.0,0.0
2021-07-04 05:00:00,0.0,0.0,0.0,0.0
2021-07-04 06:00:00,0.0,0.0,0.0,0.0
2021-07-04 07:00:00,0.0,0.0,0.0,0.0
2021-07-04 08:00:00,0.0,0.0,0.0,0.0
2021-07-04 09:00:00,0.0,0.0,0.0,0.0
2021-07-04 10:00:00,0.0,0.0,0.0,0.0
2021-07-04 11:00:00,0.0,0.0,0.0,0.0
2021-07-04 12:00:00,0.0,0.0,0.0,0.0
2021-07-04 13:00:00,0.0,0.0,0.0,0.0
2021-07-04 14:00:00,0.0,0.0,0.0,0.0
2021-07-04 15:00:00,0.0,0.0,0.0,0.0
2021-07-04 16:00:00,0.0,0.0,0.0,0.0
2021-07-04 17:00:00,0.0,0.0,0.0,0.0
2021-07-04 18:00:00,0.0,0.0,0.0,0.0
2021-07-04 19:00:00,0.0,0.0,0.0,0.0
2021-07-04 20:00:00,0.0,0.0,0.0,0.0
2021-07-04 21:00:00,0.0,0.0,0.0,0.0
2021-07-04 22:00:00,0.0,0.0,0.0,0.0
2021-07-04 23:00:00,0.0,0.0,0.0,0.0
2021-07-04 24:00:00,0.0,0.0,0.0,0.0
2021-07-05 01:00:00,0.0,0.0,0.0,0.0
2021-07-05 02:00:00,0.0,0.0,0.0,0.0
2021-07-05 03:00:00,0.0,0.0,0.0,0.0
2021-07-05 04:00:00,0.0,0.0,0.0,0.0
2021-07-05 05:00:00,0.0,0.0,0.0,0.0
2021-07-05 06:00:00,0.0,0.0,0.0,0.0
2021-07-05 07:00:00,0.0,0.0,0.0,0.0
2021-07-05 08:00:00,0.0,0.0,0.0,0.0
2021-07-05 09:00:00,0.0,0.0,0.0,0.0
2021-07-05 10:00:00,0.0,0.0,0.0,0.0
2021-07-05 11:00:00,0.0,0.0,0.0,0.0
2021-07-05 12:00:00,0.0,0.0,0.0,0.0
2021-07-05 13:00:00,0.0,0.0,0.0,0.0
2021-07-05 14:00:00,0.0,0.0,0.0,0.0
2021-07-05 15:00:00,0.0,0.0,0.0,0.0
2021-07-05 16:00:00,0.0,0.0,0.0,0.0
2021-07-05 17:00:00,0.0,0.0,0.0,0.0
2021-07-05 18:00:00,0.0,0.0,0.0,0.0
2021-07-05 19:00:00,0.0,0.0,0.0,0.0
2021-07-05 20:00:00,0.0,0.0,0.0,0.0
2021-07-05 21:00:00,0.0,0.0,0.0,0.0
2021-07-05 22:00:00,0.0,0.0,0.0,0.0
2021-07-05 23:00:00,0.0,0.0,0.0,0.0
2021-07-05 24:00:00,0.0,0.0,0.0,0.0
2021-07-06 01:00:00,0.0,0.0,0.0,0.0
2021-07-06 02:00:00,0.0,0.0,0.0,0.0
2021-07-06 03:00:00,0.0,0.0,0.0,0.0
2021-07-06 04:00:00,0.0,0.0,0.0,0.0
2021-07-06 05:00:00,0.0,0.0,0.0,0.0
2021-07-06 06:00:00,0.0,0.0,0.0,0.0
2021-07-06 07:00:00,0.0,0.0,0.0,0.0
2021-07-06 08:00:00,0.0,0.0,0.0,0.0
2021-07-06 09:00:00,0.0,0.0,0.0,0.0
2021-07-06 10:00:00,0.0,0.0,0.0,0.0
2021-07-06 11:00:00,0.0,0.0,0.0,0.0
2021-07-06 12:00:00,0.0,0.0,0.0,0.0
2021-07-06 13:00:00,0.0,0.0,0.0,0.0
2021-07-06 14:00:00,0.0,0.0,0.0,0.0
2021-07-06 15:00:00,0.0,0.0,0.0,0.0
2021-07-06 16:00:00,0.0,0.0,0.0,0.0
2021-07-06 17:00:00,0.0,0.0,0.0,0.0
2021-07-06 18:00:00,0.0,0.0,0.0,0.0
2021-07-06 19:00:00,0.0,0.0,0.0,0.0
2021-07-06 20:00:00,0.0,0.0,0.0,0.0
2021-07-06 21:00:00,0.0,0.0,0.0,0.0
2021-07-06 22:00:00,0.0,0.0,0.0,0.0
2021-07-06 23:00:00,0.0,0.0,0.0,0.0
2021-07-06 24:00:00,0.0,0.0,0.0,0.0
2021-07-07 01:00:00,0.0,0.0,0.0,0.0
2021-07-07 02:00:00,0.0,0.0,0.0,0.0
2021-07-07 03:00:00,0.0,0.0,0.0,0.0
2021-07-07 04:00:00,0.0,0.0,0.0,0.0
2021-07-07 05:00:00,0.0,0.0,0.0,0.0
2021-07-07 06:00:00,0.0,0.0,0.0,0.0
2021-07-07 07:00:00,0.0,0.0,0.0,0.0
2021-07-07 08:00:00,0.0,0.0,0.0,0.0
2021-07-07 09:00:00,0.0,0.0,0.0,0.0
2021-07-07 10:00:00,0.0,0.0,0.0,0.0
2021-07-07 11:00:00,0.0,0.0,0.0,0.0
2021-07-07 12:00:00,0.0,0.0,0.0,0.0
2021-07-07 13:00:00,0.0,0.0,0.0,0.0
2021-07-07 14:00:00,0.0,0.0,0.0,0.0
2021-07-07 15:00:00,0.0,0.0,0.0,0.0
2021-07-07 16:00:00,0.0,0.0,0.0,0.0
2021-07-07 17:00:00,0.0,0.0,0.0,0.0
2021-07-07 18:00:00,0.0,0.0,0.0,0.0
2021-07-07 19:00:00,0.0,0.0,0.0,0.0
2021-07-07 20:00:00,0.0,0.0,0.0,0.0
2021-07-07 21:00:00,0.0,0.0,0.0,0.0
2021-07-07 22:00:00,0.0,0.0,0.0,0.0
2021-07-07 23:00:00,0.0,0.0,0.0,0.0
2021-07-07 24:00:00,0.0,0.0,0.0,0.0
2021-07-08 01:00:00,0.0,0.0,0.0,0.0
2021-07-08 02:00:00,0.0,0.0,0.0,0.0
2021-07-08 03:00:00,0.0,0.0,0.0,0.0
2021-07-08 04:00:00,0.0,0.0,0.0,0.0
2021-07-08 05:00:00,0.0,0.0,0.0,0.0
2021-07-08 06:00:00,0.0,0.0,0.0,0.0
2021-07-08 07:00:00,0.0,0.0,0.0,0.0
2021-07-08 08:00:00,0.0,0.0,0.0,0.0
2021-07-08 09:00:00,0.0,0.0,0.0,0.0
2021-07-08 10:00:00,0.0,0.0,0.0,0.0
2021-07-08 11:00:00,0.0,0.0,0.0,0.0
2021-07-08 12:00:00,0.0,0.0,0.0,0.0
2021-07-08 13:00:00,0.0,0.0,0.0,0.0
2021-07-08 14:00:00,0.0,0.0,0.0,0.0
2021-07-08 15:00:00,0.0,0.0,0.0,0.0
2021-07-08 16:00:00,0.0,0.0,0.0,0.0
2021-07-08 17:00:00,0.0,0.0,0.0,0.0
2021-07-08 18:00:00,0.0,0.0,0.0,0.0
2021-07-08 19:00:00,0.0,0.0,0.0,0.0
2021-07-08 20:00:00,0.0,0.0,0.0,0.0
2021-07-08 21:00:00,0.0,0.0,0.0,0.0
2021-07-08 22:00:00,0.0,0.0,0.0,0.0
2021-07-08 23:00:00,0.0,0.0,0.0,0.0
2021-07-08 24:00:00,0.0,0.0,0.0,0.0
